codigo;tipo;titulo;capítulo;secuencia;FEN;bando_que_mueve;objetivo;nivel;comentario_blancas;comentario_negras;continuidad_didactica;referencia_en_manual
ESP-P01;posición;Ocupar el centro;Ampliación A;e2e4 e7e5;rnbqkbnr/pppp1ppp/8/4p3/4P3/8/PPPP1PPP/RNBQKBNR w KQkq e6 0 2;blancas;Reconocer la evolución de la Española;800–1400;Cf3 desarrolla con amenaza sobre e5 y acerca el enroque. La alternativa Cc3 es sana, pero no obliga a las negras a explicar cómo sostendrán e5.;Las negras han igualado presencia en el centro. Su respuesta natural es ...Cc6: defiende e5, controla d4 y desarrolla una pieza.;Tras 1.e4 e5, ambos bandos reclaman espacio central y abren líneas para dama y alfil. Continuación recomendada: Cf3. Respuesta esperada: Cc6. Error típico: Mover la dama para atacar e5: crea una amenaza aparente, pero pierde tiempos de desarrollo.;Ficha ESP-P01
ESP-P02;posición;Desarrollar atacando;Ampliación A;e2e4 e7e5 g1f3 b8c6;r1bqkbnr/pppp1ppp/2n5/4p3/4P3/5N2/PPPP1PPP/RNBQKB1R w KQkq - 2 3;blancas;Reconocer la evolución de la Española;800–1400;3.Ab5 desarrolla el alfil, prepara O-O y aumenta la presión sobre el caballo que sostiene e5. No gana el peón todavía: tras Axc6 dxc6 Cxe5, las negras suelen disponer de Dd4.;Las negras pueden elegir ...a6, ...Cf6 o ...f5. Para el repertorio principal, ...a6 pregunta al alfil y gana espacio sin resolver todavía la tensión central.;"Después de 2.Cf3 Cc6, el peón e5 está defendido y la casilla d4 queda bajo control negro. Continuación recomendada: Ab5. Respuesta esperada: a6. Error típico: 3.Cxe5? Cxe5 entrega una pieza por un peón; atacar no significa que la captura sea posible.";Ficha ESP-P02
ESP-P03;posición;La presión española;Ampliación A;e2e4 e7e5 g1f3 b8c6 f1b5 a7a6;r1bqkbnr/1ppp1ppp/p1n5/1B2p3/4P3/5N2/PPPP1PPP/RNBQK2R w KQkq - 0 4;blancas;Reconocer la evolución de la Española;800–1400;4.Aa4 conserva el alfil de casillas blancas, mantiene la presión indirecta sobre e5 y obliga a las negras a invertir otro tiempo si desean ganar espacio con ...b5.;4...Cf6 desarrolla atacando e4. Las negras no temen la clavada porque su rey aún no está enrocado y, en muchas líneas, pueden responder activamente con ...b5 y ...Ae7.;Tras 3.Ab5 a6, el alfil debe decidir entre conservar la tensión o cambiar en c6. Continuación recomendada: Aa4. Respuesta esperada: Cf6. Error típico: 4.Axc6 por automatismo: es jugable, pero cambia por completo el plan y entrega la pareja de alfiles.;Ficha ESP-P03
ESP-P04;posición;Conservar el alfil y enrocar;Ampliación A;e2e4 e7e5 g1f3 b8c6 f1b5 a7a6 b5a4 g8f6;r1bqkb1r/1ppp1ppp/p1n2n2/4p3/B3P3/5N2/PPPP1PPP/RNBQK2R w KQkq - 2 5;blancas;Reconocer la evolución de la Española;800–1400;5.O-O es prioritario: pone el rey a salvo, activa Tf1 y permite responder a ...Cxe4 con d4, abriendo el centro cuando el caballo negro está expuesto.;Las negras deben decidir entre ...Ae7, ...Cxe4 y ...b5. ...Ae7 es la opción más estable: prepara el enroque y elimina cualquier futura clavada sobre el rey.;El alfil está en a4 y el caballo negro de f6 presiona e4. Continuación recomendada: O-O. Respuesta esperada: Ae7. Error típico: Defender e4 con d3 sin comparar: es sólido, pero renuncia momentáneamente al recurso activo d4.;Ficha ESP-P04
ESP-P05;posición;Rey seguro y torre activa;Ampliación A;e2e4 e7e5 g1f3 b8c6 f1b5 a7a6 b5a4 g8f6 e1g1 f8e7;r1bqk2r/1pppbppp/p1n2n2/4p3/B3P3/5N2/PPPP1PPP/RNBQ1RK1 w kq - 4 6;blancas;Reconocer la evolución de la Española;800–1400;6.Te1 refuerza e4 con una pieza, libera f1 para maniobras y coloca la torre frente al rey negro si el centro se abre.;6...b5 gana espacio y obliga al alfil a retirarse. Las negras obtienen territorio en el flanco de dama, pero crean casillas que pueden debilitarse, especialmente c6 y a6.;Después de 5.O-O Ae7, ambos bandos están cerca de completar el desarrollo del flanco de rey. Continuación recomendada: Te1. Respuesta esperada: b5. Error típico: 6.d4?! antes de Te1: puede ser correcto tácticamente, pero exige más cálculo y ofrece menos margen de error.;Ficha ESP-P05
ESP-P06;posición;Espacio negro y alfil en b3;Ampliación A;e2e4 e7e5 g1f3 b8c6 f1b5 a7a6 b5a4 g8f6 e1g1 f8e7 f1e1 b7b5;r1bqk2r/2ppbppp/p1n2n2/1p2p3/B3P3/5N2/PPPP1PPP/RNBQR1K1 w kq b6 0 7;blancas;Reconocer la evolución de la Española;800–1400;7.Ab3 conserva la diagonal b1-h7 y mantiene la vista sobre f7. También deja libre a2 para una retirada futura si ...Ca5 gana tiempo.;7...d6 sostiene e5 y abre el alfil de c8. Es sólida, pero bloquea temporalmente ese alfil y hace de ...d5 la ruptura liberadora que las negras deben preparar.;Tras ...b5, el alfil debe elegir una diagonal útil. Continuación recomendada: Ab3. Respuesta esperada: d6. Error típico: 7.Ac2?! es posible, pero permite que las negras ganen espacio sin haber obligado aún al alfil a abandonar b3.;Ficha ESP-P06
ESP-P07;posición;Preparar d4;Ampliación A;e2e4 e7e5 g1f3 b8c6 f1b5 a7a6 b5a4 g8f6 e1g1 f8e7 f1e1 b7b5 a4b3 d7d6;r1bqk2r/2p1bppp/p1np1n2/1p2p3/4P3/1B3N2/PPPP1PPP/RNBQR1K1 w kq - 0 8;blancas;Reconocer la evolución de la Española;800–1400;8.c3 prepara d4, ofrece c2 al alfil y evita que un caballo negro se instale cómodamente en d4. No amenaza nada inmediato: es una jugada de infraestructura.;8...O-O asegura el rey. A partir de aquí, las negras pueden reorganizarse con ...Cb8-d7, ...Te8 y ...Af8, o buscar ...d5 si la táctica lo permite.;Con el centro sostenido por ...d6, las blancas deben decidir cómo construir su ruptura. Continuación recomendada: c3. Respuesta esperada: O-O. Error típico: 8.d4?! sin c3: abre el centro, pero deja menos apoyo al peón d y puede permitir ...exd4 con simplificación cómoda.;Ficha ESP-P07
ESP-P08;posición;Profilaxis útil;Ampliación A;e2e4 e7e5 g1f3 b8c6 f1b5 a7a6 b5a4 g8f6 e1g1 f8e7 f1e1 b7b5 a4b3 d7d6 c2c3 e8g8;r1bq1rk1/2p1bppp/p1np1n2/1p2p3/4P3/1BP2N2/PP1P1PPP/RNBQR1K1 w - - 1 9;blancas;Reconocer la evolución de la Española;800–1400;9.h3 evita ...Ag4, que podría clavar Cf3 y aumentar la presión sobre e4. También crea una casilla de escape para el rey, pero no debe convertirse en una excusa para lanzar g4.;Las negras eligen una reorganización. ...Cb8 parece retroceder, pero libera c6 para un peón y prepara ...Cbd7, reforzando e5 sin bloquear el peón c.;Ambos reyes están seguros y la lucha gira alrededor de d4 y ...d5. Continuación recomendada: h3. Respuesta esperada: Cb8. Error típico: 9.a4 por reflejo: puede cuestionar b5, pero primero debe comprobarse si el centro requiere una decisión más urgente.;Ficha ESP-P08
ESP-P09;posición;La ruptura d4;Ampliación A;e2e4 e7e5 g1f3 b8c6 f1b5 a7a6 b5a4 g8f6 e1g1 f8e7 f1e1 b7b5 a4b3 d7d6 c2c3 e8g8 h2h3 c6b8;rnbq1rk1/2p1bppp/p2p1n2/1p2p3/4P3/1BP2N1P/PP1P1PP1/RNBQR1K1 w - - 1 10;blancas;Reconocer la evolución de la Española;800–1400;"10.d4 reclama espacio y desafía e5. Si las negras mantienen la tensión, las blancas ganan libertad; si capturan, se abren líneas para las piezas blancas.";10...Cbd7 completa la idea de ...Cb8: el caballo refuerza e5, controla c5 y f6 y deja c6 disponible para ...c6 o una maniobra de dama.;Tras ...Cb8, las negras han concedido un tiempo para reorganizarse. Continuación recomendada: d4. Respuesta esperada: Cbd7. Error típico: 10.Cbd2?! es lógica, pero permite que las negras jueguen ...Ab7 y ...Te8 antes de que el centro sea desafiado.;Ficha ESP-P09
ESP-P10;posición;Desarrollar sin bloquear;Ampliación A;e2e4 e7e5 g1f3 b8c6 f1b5 a7a6 b5a4 g8f6 e1g1 f8e7 f1e1 b7b5 a4b3 d7d6 c2c3 e8g8 h2h3 c6b8 d2d4 b8d7;r1bq1rk1/2pnbppp/p2p1n2/1p2p3/3PP3/1BP2N1P/PP3PP1/RNBQR1K1 w - - 1 11;blancas;Reconocer la evolución de la Española;800–1400;11.Cbd2 desarrolla el caballo por d2 para no bloquear el peón c. Su ruta típica es f1-g3, desde donde apoya f5, h5 y e4.;11...c5 ataca la base d4 y gana espacio en el flanco de dama. A cambio, fija casillas oscuras y puede dejar d5 como puesto avanzado si las blancas cierran.;El centro está tenso y las negras han reforzado e5. Continuación recomendada: Cbd2. Respuesta esperada: c5. Error típico: 11.Ag5?! desarrolla, pero permite ...h6 y concede a las negras un plan fácil sin resolver el destino del caballo b1.;Ficha ESP-P10
ESP-P11;posición;Cerrar o mantener la tensión;Ampliación A;e2e4 e7e5 g1f3 b8c6 f1b5 a7a6 b5a4 g8f6 e1g1 f8e7 f1e1 b7b5 a4b3 d7d6 c2c3 e8g8 h2h3 c6b8 d2d4 b8d7 b1d2 c7c5;r1bq1rk1/3nbppp/p2p1n2/1pp1p3/3PP3/1BP2N1P/PP1N1PP1/R1BQR1K1 w - c6 0 12;blancas;Reconocer la evolución de la Española;800–1400;12.d5 gana espacio, fija el caballo d7 y convierte la partida en una lucha de maniobras. La decisión es buena si las blancas aceptan que el ataque no será inmediato.;12...Dc7 conecta torres, apoya ...c4 o ...Te8 y evita que la dama quede atrapada tras una futura apertura de la columna d.;"Tras ...c5, las blancas deben decidir la estructura. Continuación recomendada: d5. Respuesta esperada: Dc7. Error típico: 12.dxc5?! resuelve la tensión y puede activar dxc5; se entrega a las negras una columna y casillas sin obtener una ventaja concreta.";Ficha ESP-P11
ESP-P12;posición;Transición al medio juego;Ampliación A;e2e4 e7e5 g1f3 b8c6 f1b5 a7a6 b5a4 g8f6 e1g1 f8e7 f1e1 b7b5 a4b3 d7d6 c2c3 e8g8 h2h3 c6b8 d2d4 b8d7 b1d2 c7c5 d4d5 d8c7 d2f1 g7g6 f1g3;r1b2rk1/2qnbp1p/p2p1np1/1ppPp3/4P3/1BP2NNP/PP3PP1/R1BQR1K1 b - - 1 14;negras;Reconocer la evolución de la Española;800–1400;13.Cf1 y 14.Cg3 completan la ruta del caballo. Desde g3, defiende e4, mira f5 y h5 y coopera con el alfil de b3 contra el rey.;Las negras responden con ...g6 y ...Te8: controlan f5, refuerzan e5 y preparan ...Af8. Su contrajuego principal sigue siendo ...c4, ...Af8-g7 o ...d5 si el centro se abre.;"El centro está cerrado; la apertura ha terminado y comienza la mejora de piezas. Continuación recomendada: Cf1-g3. Respuesta esperada: g6 y ...Te8. Error típico: Atacar con g4 inmediatamente: debilita el rey y no responde al contrajuego central negro.";Ficha ESP-P12
ESP-S01;estructura;Centro abierto;Parte VIII;e2e4 e7e5 g1f3 b8c6 f1b5 a7a6 b5a4 g8f6 e1g1 f8e7 f1e1 b7b5;r1bqk2r/2ppbppp/p1n2n2/1p2p3/B3P3/5N2/PPPP1PPP/RNBQR1K1 w kq b6 0 7;blancas;Reconocer planes de estructura;900–1400;Torres en e1 y d1, alfiles en diagonales largas, desarrollo con tempo y control de piezas sueltas.;Actividad inmediata: ...d5, presión sobre e4 y cambios de piezas activas antes de que el espacio blanco pese.;Piezas clave: Torres y alfiles. Casillas y rupturas: Rey en el centro o una pieza sin defender. Error: Abrir líneas sin terminar el desarrollo.;ESP-S01
ESP-S02;estructura;Centro tenso;Parte VIII;e2e4 e7e5 g1f3 b8c6 f1b5 a7a6 b5a4 g8f6 e1g1 f8e7 f1e1 b7b5 a4b3 d7d6 c2c3 e8g8 h2h3 c6b8 d2d4 b8d7;r1bq1rk1/2pnbppp/p2p1n2/1p2p3/3PP3/1BP2N1P/PP3PP1/RNBQR1K1 w - - 1 11;blancas;Reconocer planes de estructura;900–1400;Mantener opciones, reforzar e4, completar Cbd2-f1-g3 y elegir entre d5, dxe5 o mantener la tensión.;"Elegir el momento de ...exd4 o ...d5; aumentar presión sobre d4 con ...c5 y ...Ag4.";Piezas clave: Todas las piezas. Casillas y rupturas: d5, e5 y c5. Error: Capturar por costumbre y liberar al rival.;ESP-S02
ESP-S03;estructura;Centro cerrado;Parte VIII;e2e4 e7e5 g1f3 b8c6 f1b5 a7a6 b5a4 g8f6 e1g1 f8e7 f1e1 b7b5 a4b3 d7d6 c2c3 e8g8 h2h3 c6b8 d2d4 b8d7 b1d2 c7c5 d4d5 d8c7 d2f1 g7g6 f1g3;r1b2rk1/2qnbp1p/p2p1np1/1ppPp3/4P3/1BP2NNP/PP3PP1/R1BQR1K1 b - - 1 14;negras;Reconocer planes de estructura;900–1400;Maniobrar hacia el flanco de rey, preparar Cg3-f5, a4 o g4 solo cuando el centro esté estable.;"Contrajuego con ...c4, ...Af8-g7, ...a5 o ...f5; evitar una defensa pasiva.";Piezas clave: Caballos. Casillas y rupturas: f5, c5, d4. Error: Atacar sin vigilar la ruptura del rival.;ESP-S03
ESP-S04;estructura;Mayoría 4 contra 3;Parte VIII;e2e4 e7e5 g1f3 b8c6 f1b5 a7a6 b5a4 g8f6;r1bqkb1r/1ppp1ppp/p1n2n2/4p3/B3P3/5N2/PPPP1PPP/RNBQK2R w KQkq - 2 5;blancas;Reconocer planes de estructura;900–1400;Simplificar con criterio, crear un peón pasado con la mayoría 4 contra 3 del flanco de rey y restringir los alfiles.;Mantener piezas activas, abrir líneas para los alfiles y evitar un final puramente de peones.;Piezas clave: Reyes y alfiles. Casillas y rupturas: d4, d-file y e4. Error: Creer que los peones doblados pierden por sí solos.;ESP-S04
ESP-S05;estructura;Cadena e4-d5;Parte VIII;e2e4 e7e5 g1f3 b8c6 f1b5 a7a6 b5a4 g8f6 e1g1 f8e7 f1e1 b7b5 a4b3 d7d6 c2c3 e8g8 h2h3 c6b8 d2d4 b8d7 b1d2 c7c5 d4d5 d8c7 d2f1 g7g6 f1g3;r1b2rk1/2qnbp1p/p2p1np1/1ppPp3/4P3/1BP2NNP/PP3PP1/R1BQR1K1 b - - 1 14;negras;Reconocer planes de estructura;900–1400;Sostener e4, usar d5 como espacio y preparar un ataque donde haya más espacio.;Atacar la base con ...c6 o ...f5 y buscar cambios que reduzcan el espacio blanco.;Piezas clave: Caballo en g3 y alfil en b3/c2. Casillas y rupturas: c6, f5, c4. Error: Empujar más peones sin mejorar las piezas.;ESP-S05
ESP-S06;estructura;Peón aislado en d4;Parte VIII;e2e4 e7e5 g1f3 b8c6 f1b5 a7a6 b5a4 g8f6 e1g1 f8e7 f1e1 b7b5 a4b3 d7d6;r1bqk2r/2p1bppp/p1np1n2/1p2p3/4P3/1B3N2/PPPP1PPP/RNBQR1K1 w kq - 0 8;blancas;Reconocer planes de estructura;900–1400;Actividad, casilla e5, torres centrales y ruptura d5 antes de un final simplificado.;Bloquear con ...Cd5, cambiar piezas y atacar d4 desde d8, c6 y f6.;Piezas clave: Piezas activas. Casillas y rupturas: d5 y e5. Error: Defender pasivamente con todas las piezas.;ESP-S06
ESP-E01;ejercicio;Ejercicio 1;Parte XIII / Ampliación D;e2e4 e7e5;rnbqkbnr/pppp1ppp/8/4p3/4P3/8/PPPP1PPP/RNBQKBNR w KQkq e6 0 2;blancas;¿Cuál es la prioridad después de 1.e4 e5?;800–1400;"Cf3: desarrolla, ataca e5 y acerca el enroque. La respuesta natural de negras es ...Cc6 o ...Cf6; en ambos casos las blancas continúan desarrollando sin exponer la dama.";"Dh5 crea una amenaza pequeña, pero expone la dama a ganar tiempos; Cc3 desarrolla, aunque no presiona e5 con la misma claridad.";Comparar al menos dos candidatas, anticipar la mejor respuesta rival y revisar ESP-P01 y ESP-S01.;ESP-E01
ESP-E02;ejercicio;Ejercicio 2;Parte XIII / Ampliación D;e2e4 e7e5 g1f3 b8c6;r1bqkbnr/pppp1ppp/2n5/4p3/4P3/5N2/PPPP1PPP/RNBQKB1R w KQkq - 2 3;blancas;Tras 2.Cf3 Cc6, ¿por qué 3.Ab5?;800–1400;Presiona al caballo que sostiene e5 y prepara O-O. Después de ...a6, las blancas decidirán entre conservar el alfil con Aa4 o cambiar la estructura con Axc6.;Cxe5? ignora que el caballo c6 y recursos de dama permiten a negras recuperar el material.;Comparar al menos dos candidatas, anticipar la mejor respuesta rival y revisar ESP-P02 y ESP-S02.;ESP-E02
ESP-E03;ejercicio;Ejercicio 3;Parte XIII / Ampliación D;e2e4 e7e5 g1f3 b8c6 f1b5 a7a6;r1bqkbnr/1ppp1ppp/p1n5/1B2p3/4P3/5N2/PPPP1PPP/RNBQK2R w KQkq - 0 4;blancas;Tras 3...a6, ¿conservar o cambiar?;800–1400;"4.Aa4 conserva la tensión y el alfil. Aa4 mantiene abiertas más opciones; Axc6 solo es preferible cuando el plan del final justifica entregar la pareja de alfiles.";Axc6 no es un error, pero cambia de repertorio: si no deseas ese final, has definido la estructura sin necesidad.;Comparar al menos dos candidatas, anticipar la mejor respuesta rival y revisar ESP-P03 y ESP-S03.;ESP-E03
ESP-E04;ejercicio;Ejercicio 4;Parte XIII / Ampliación D;e2e4 e7e5 g1f3 b8c6 f1b5 a7a6 b5a4 g8f6;r1bqkb1r/1ppp1ppp/p1n2n2/4p3/B3P3/5N2/PPPP1PPP/RNBQK2R w KQkq - 2 5;blancas;Tras 4...Cf6, ¿cómo responder a la presión sobre e4?;800–1400;5.O-O, aceptando que d4 puede recuperar actividad si ...Cxe4. O-O también conecta la torre con e1 y permite responder a ...Cxe4 con actividad central mediante d4.;"d3 defiende e4, pero cierra temporalmente el alfil c1; O-O mantiene más opciones y resuelve primero la seguridad del rey.";Comparar al menos dos candidatas, anticipar la mejor respuesta rival y revisar ESP-P04 y ESP-S04.;ESP-E04
ESP-E05;ejercicio;Ejercicio 5;Parte XIII / Ampliación D;e2e4 e7e5 g1f3 b8c6 f1b5 a7a6 b5a4 g8f6 e1g1 f8e7;r1bqk2r/1pppbppp/p1n2n2/4p3/B3P3/5N2/PPPP1PPP/RNBQ1RK1 w kq - 4 6;blancas;¿Qué logra 6.Te1?;800–1400;Refuerza e4 con una pieza y coloca la torre en una columna central. La torre mejora sin estorbar a otras piezas y convierte la defensa de e4 en preparación activa de d4.;"De2 defiende, pero ocupa una casilla de la dama y no activa una torre; Te1 cumple dos funciones con una sola jugada.";Comparar al menos dos candidatas, anticipar la mejor respuesta rival y revisar ESP-P05 y ESP-S05.;ESP-E05
ESP-E06;ejercicio;Ejercicio 6;Parte XIII / Ampliación D;e2e4 e7e5 g1f3 b8c6 f1b5 a7a6 b5a4 g8f6 e1g1 f8e7 f1e1 b7b5;r1bqk2r/2ppbppp/p1n2n2/1p2p3/B3P3/5N2/PPPP1PPP/RNBQR1K1 w kq b6 0 7;blancas;Tras ...b5, ¿dónde va el alfil?;800–1400;Ab3 mantiene la diagonal b1-h7 y presión sobre f7. Ab3 conserva presión sobre f7 y deja Ac2 como retirada futura si el centro se cierra.;Ac2 es útil más adelante, pero retirarse allí inmediatamente concede un tiempo sin necesidad concreta.;Comparar al menos dos candidatas, anticipar la mejor respuesta rival y revisar ESP-P06 y ESP-S06.;ESP-E06
ESP-E07;ejercicio;Ejercicio 7;Parte XIII / Ampliación D;e2e4 e7e5 g1f3 b8c6 f1b5 a7a6 b5a4 g8f6 e1g1 f8e7 f1e1 b7b5 a4b3 d7d6;r1bqk2r/2p1bppp/p1np1n2/1p2p3/4P3/1B3N2/PPPP1PPP/RNBQR1K1 w kq - 0 8;blancas;¿Qué prepara c3?;800–1400;d4, además de ofrecer c2 al alfil y controlar d4. c3 es una inversión de un tiempo: no amenaza ganar material, pero hace posible un centro más fuerte y flexible.;Una jugada lateral como a3 no prepara la ruptura principal y permite a negras completar el desarrollo con comodidad.;Comparar al menos dos candidatas, anticipar la mejor respuesta rival y revisar ESP-P07 y ESP-S01.;ESP-E07
ESP-E08;ejercicio;Ejercicio 8;Parte XIII / Ampliación D;e2e4 e7e5 g1f3 b8c6 f1b5 a7a6 b5a4 g8f6 e1g1 f8e7 f1e1 b7b5 a4b3 d7d6 c2c3 e8g8;r1bq1rk1/2p1bppp/p1np1n2/1p2p3/4P3/1BP2N2/PP1P1PPP/RNBQR1K1 w - - 1 9;blancas;¿Cuándo es útil h3?;800–1400;"Cuando ...Ag4 clavaría Cf3 y aumentaría presión sobre e4. h3 es útil cuando impide una clavada concreta; si el centro exige acción inmediata, d4 o desarrollo pueden tener prioridad.";"h3 automática puede ser lenta si negras ya amenazan ...d5; la profilaxis debe responder a una idea real.";Comparar al menos dos candidatas, anticipar la mejor respuesta rival y revisar ESP-P08 y ESP-S02.;ESP-E08
ESP-E09;ejercicio;Ejercicio 9;Parte XIII / Ampliación D;e2e4 e7e5 g1f3 b8c6 f1b5 a7a6 b5a4 g8f6 e1g1 f8e7 f1e1 b7b5 a4b3 d7d6 c2c3 e8g8 h2h3 c6b8;rnbq1rk1/2p1bppp/p2p1n2/1p2p3/4P3/1BP2N1P/PP1P1PP1/RNBQR1K1 w - - 1 10;blancas;¿Qué pretende ...Cb8?;800–1400;"Reorganizar a d7 y liberar c6 para un peón o pieza. Desde d7, el caballo refuerza e5 y deja c6 libre; el retroceso solo tiene sentido porque forma parte de una ruta completa.";Considerar ...Cb8 una pérdida de tiempo impide ver su objetivo: ...Cbd7 refuerza el centro y mejora la coordinación.;Comparar al menos dos candidatas, anticipar la mejor respuesta rival y revisar ESP-P09 y ESP-S03.;ESP-E09
ESP-E10;ejercicio;Ejercicio 10;Parte XIII / Ampliación D;e2e4 e7e5 g1f3 b8c6 f1b5 a7a6 b5a4 g8f6 e1g1 f8e7 f1e1 b7b5 a4b3 d7d6 c2c3 e8g8 h2h3 c6b8 d2d4 b8d7;r1bq1rk1/2pnbppp/p2p1n2/1p2p3/3PP3/1BP2N1P/PP3PP1/RNBQR1K1 w - - 1 11;blancas;¿Por qué d4 es la ruptura temática?;800–1400;Desafía e5 y abre líneas para piezas blancas. Antes de jugar d4, comprueba rey seguro, apoyo de e4 y actividad de las piezas que se beneficiarán de las líneas abiertas.;d4 prematura puede abrir el centro cuando el rey o las piezas blancas todavía no están preparados.;Comparar al menos dos candidatas, anticipar la mejor respuesta rival y revisar ESP-P10 y ESP-S04.;ESP-E10
ESP-E11;ejercicio;Ejercicio 11;Parte XIII / Ampliación D;e2e4 e7e5 g1f3 b8c6 f1b5 a7a6 b5a4 g8f6 e1g1 f8e7 f1e1 b7b5 a4b3 d7d6 c2c3 e8g8 h2h3 c6b8 d2d4 b8d7 b1d2 c7c5;r1bq1rk1/3nbppp/p2p1n2/1pp1p3/3PP3/1BP2N1P/PP1N1PP1/R1BQR1K1 w - c6 0 12;blancas;¿Por qué Cbd2 y no Cc3?;800–1400;"No bloquea el peón c y permite Cf1-g3. Cbd2 mantiene libre el peón c y conserva la estructura típica; Cc3 es más directa, pero reduce flexibilidad.";"Cc3 bloquea el peón c y dificulta el esquema c3-d4; no es mala, pero conduce a otro tipo de posición.";Comparar al menos dos candidatas, anticipar la mejor respuesta rival y revisar ESP-P11 y ESP-S05.;ESP-E11
ESP-E12;ejercicio;Ejercicio 12;Parte XIII / Ampliación D;e2e4 e7e5 g1f3 b8c6 f1b5 a7a6 b5a4 g8f6 e1g1 f8e7 f1e1 b7b5 a4b3 d7d6 c2c3 e8g8 h2h3 c6b8 d2d4 b8d7 b1d2 c7c5 d4d5 d8c7 d2f1 g7g6 f1g3;r1b2rk1/2qnbp1p/p2p1np1/1ppPp3/4P3/1BP2NNP/PP3PP1/R1BQR1K1 b - - 1 14;negras;Tras ...c5, ¿qué debe evaluarse?;800–1400;"Mantener tensión, cerrar con d5 o capturar; cada opción crea otra estructura. d5 gana espacio y cierra; dxe5 abre líneas; mantener tensión conserva opciones. La elección depende de qué piezas estén mejor colocadas.";Capturar o cerrar por reflejo elimina opciones sin comprobar quién se beneficia de la nueva estructura.;Comparar al menos dos candidatas, anticipar la mejor respuesta rival y revisar ESP-P12 y ESP-S06.;ESP-E12
ESP-E13;ejercicio;Ejercicio 13;Parte XIII / Ampliación D;e2e4 e7e5;rnbqkbnr/pppp1ppp/8/4p3/4P3/8/PPPP1PPP/RNBQKBNR w KQkq e6 0 2;blancas;En centro cerrado, ¿qué pieza suele ganar valor?;800–1400;"El caballo, porque puede ocupar casillas fuertes y saltar sobre la cadena. El caballo puede saltar sobre las cadenas; el alfil necesita rupturas para recuperar alcance.";Usar un alfil como si el centro estuviera abierto puede hacerlo golpear contra su propia cadena de peones.;Comparar al menos dos candidatas, anticipar la mejor respuesta rival y revisar ESP-P01 y ESP-S01.;ESP-E13
ESP-E14;ejercicio;Ejercicio 14;Parte XIII / Ampliación D;e2e4 e7e5 g1f3 b8c6;r1bqkbnr/pppp1ppp/2n5/4p3/4P3/5N2/PPPP1PPP/RNBQKB1R w KQkq - 2 3;blancas;¿Cuál es la ruptura liberadora negra?;800–1400;...d5, que desafía e4, libera el alfil c8 y puede igualar espacio. Si ...d5 funciona sin concesiones, negras liberan el alfil c8 y reducen la presión blanca sobre e5.;Una maniobra lenta que ignore ...d5 permite a negras liberar su posición y neutralizar la presión española.;Comparar al menos dos candidatas, anticipar la mejor respuesta rival y revisar ESP-P02 y ESP-S02.;ESP-E14
ESP-E15;ejercicio;Ejercicio 15;Parte XIII / Ampliación D;e2e4 e7e5 g1f3 b8c6 f1b5 a7a6;r1bqkbnr/1ppp1ppp/p1n5/1B2p3/4P3/5N2/PPPP1PPP/RNBQK2R w KQkq - 0 4;blancas;¿Por qué no capturar e5 por reflejo?;800–1400;"Porque la recaptura y el recurso ...Dd4 pueden recuperar el peón con amenazas. Tras Axc6 dxc6 Cxe5, recursos como ...Dd4 pueden atacar rey y caballo; por eso hay que calcular la secuencia completa.";Contar solo atacantes y defensores de e5 es insuficiente: los jaques y ataques dobles de la dama cambian el cálculo.;Comparar al menos dos candidatas, anticipar la mejor respuesta rival y revisar ESP-P03 y ESP-S03.;ESP-E15
ESP-E16;ejercicio;Ejercicio 16;Parte XIII / Ampliación D;e2e4 e7e5 g1f3 b8c6 f1b5 a7a6 b5a4 g8f6;r1bqkb1r/1ppp1ppp/p1n2n2/4p3/B3P3/5N2/PPPP1PPP/RNBQK2R w KQkq - 2 5;blancas;Reconoce la peor pieza blanca en la línea cerrada.;800–1400;"El caballo b1; suele mejorar por d2-f1-g3. La ruta d2-f1-g3 mejora el caballo sin debilitar el centro y lo lleva a casillas desde las que apoya e4, f5 y h5.";Mover la dama o un peón lateral no resuelve la falta de actividad del caballo b1.;Comparar al menos dos candidatas, anticipar la mejor respuesta rival y revisar ESP-P04 y ESP-S04.;ESP-E16
ESP-E17;ejercicio;Ejercicio 17;Parte XIII / Ampliación D;e2e4 e7e5 g1f3 b8c6 f1b5 a7a6 b5a4 g8f6 e1g1 f8e7;r1bqk2r/1pppbppp/p1n2n2/4p3/B3P3/5N2/PPPP1PPP/RNBQ1RK1 w kq - 4 6;blancas;¿Qué cambia tras d5?;800–1400;"El centro se cierra; disminuyen las líneas y aumentan las maniobras y rupturas laterales. Con el centro cerrado, el plan pasa de abrir líneas a mejorar piezas, ganar casillas y preparar rupturas laterales.";Abrir líneas imaginarias con torres o alfiles no funciona mientras la cadena central siga bloqueada.;Comparar al menos dos candidatas, anticipar la mejor respuesta rival y revisar ESP-P05 y ESP-S05.;ESP-E17
ESP-E18;ejercicio;Ejercicio 18;Parte XIII / Ampliación D;e2e4 e7e5 g1f3 b8c6 f1b5 a7a6 b5a4 g8f6 e1g1 f8e7 f1e1 b7b5;r1bqk2r/2ppbppp/p1n2n2/1p2p3/B3P3/5N2/PPPP1PPP/RNBQR1K1 w kq b6 0 7;blancas;¿Cómo responde el negro al caballo g3?;800–1400;"Controla f5 con ...g6, considera ...Ch5 y busca contrajuego central. ...g6 controla f5; ...Ch5 puede cambiar el caballo; y ...d5 sigue siendo la respuesta central que blancas deben vigilar.";Esperar pasivamente permite Cf5 o Ch5 y concede al blanco la iniciativa sin contrajuego.;Comparar al menos dos candidatas, anticipar la mejor respuesta rival y revisar ESP-P06 y ESP-S06.;ESP-E18
ESP-E19;ejercicio;Ejercicio 19;Parte XIII / Ampliación D;e2e4 e7e5 g1f3 b8c6 f1b5 a7a6 b5a4 g8f6 e1g1 f8e7 f1e1 b7b5 a4b3 d7d6;r1bqk2r/2p1bppp/p1np1n2/1p2p3/4P3/1B3N2/PPPP1PPP/RNBQR1K1 w kq - 0 8;blancas;¿Qué gana el negro con ...a6 y ...b5?;800–1400;"Espacio y tiempos sobre el alfil; a cambio crea casillas y peones avanzados. La expansión gana espacio y tiempos, pero también fija peones que pueden convertirse en objetivos si negras retrasan el desarrollo.";Expandirse con peones sin desarrollar piezas deja casillas débiles y puede convertir el espacio ganado en objetivos.;Comparar al menos dos candidatas, anticipar la mejor respuesta rival y revisar ESP-P07 y ESP-S01.;ESP-E19
ESP-E20;ejercicio;Ejercicio 20;Parte XIII / Ampliación D;e2e4 e7e5 g1f3 b8c6 f1b5 a7a6 b5a4 g8f6 e1g1 f8e7 f1e1 b7b5 a4b3 d7d6 c2c3 e8g8;r1bq1rk1/2p1bppp/p1np1n2/1p2p3/4P3/1BP2N2/PP1P1PPP/RNBQR1K1 w - - 1 9;blancas;¿Cuándo cambiar Axc6?;800–1400;Cuando deseas la estructura del Cambio o existe una razón táctica. El cambio es correcto cuando la estructura resultante favorece el plan blanco o cuando existe una justificación táctica concreta.;Cambiar solo porque el caballo está clavado confunde una relación táctica temporal con una decisión estructural permanente.;Comparar al menos dos candidatas, anticipar la mejor respuesta rival y revisar ESP-P08 y ESP-S02.;ESP-E20
ESP-E21;ejercicio;Ejercicio 21;Parte XIII / Ampliación D;e2e4 e7e5 g1f3 b8c6 f1b5 a7a6 b5a4 g8f6 e1g1 f8e7 f1e1 b7b5 a4b3 d7d6 c2c3 e8g8 h2h3 c6b8;rnbq1rk1/2p1bppp/p2p1n2/1p2p3/4P3/1BP2N1P/PP1P1PP1/RNBQR1K1 w - - 1 10;blancas;En la Berlinesa, ¿qué idea práctica sigue a ...Cxe4?;800–1400;"d4: abre el centro y obliga al caballo a definirse. d4 ataca el soporte central y abre líneas; perseguir al caballo sin cambiar el centro puede permitir que se consolide.";"Te1 por sí sola puede no recuperar el peón; d4 cuestiona inmediatamente el centro y obliga al caballo a decidir.";Comparar al menos dos candidatas, anticipar la mejor respuesta rival y revisar ESP-P09 y ESP-S03.;ESP-E21
ESP-E22;ejercicio;Ejercicio 22;Parte XIII / Ampliación D;e2e4 e7e5 g1f3 b8c6 f1b5 a7a6 b5a4 g8f6 e1g1 f8e7 f1e1 b7b5 a4b3 d7d6 c2c3 e8g8 h2h3 c6b8 d2d4 b8d7;r1bq1rk1/2pnbppp/p2p1n2/1p2p3/3PP3/1BP2N1P/PP3PP1/RNBQR1K1 w - - 1 11;blancas;Contra 3...f5, ¿qué enfoque es práctico?;800–1400;"d3, sostener e4, enrocar y atacar el retraso de desarrollo. d3 y O-O reducen el riesgo táctico; aceptar el gambito exige conocer variantes concretas que no son necesarias para este repertorio.";Aceptar f5 sin cálculo puede abrir líneas contra el rey blanco antes de completar el desarrollo.;Comparar al menos dos candidatas, anticipar la mejor respuesta rival y revisar ESP-P10 y ESP-S04.;ESP-E22
ESP-E23;ejercicio;Ejercicio 23;Parte XIII / Ampliación D;e2e4 e7e5 g1f3 b8c6 f1b5 a7a6 b5a4 g8f6 e1g1 f8e7 f1e1 b7b5 a4b3 d7d6 c2c3 e8g8 h2h3 c6b8 d2d4 b8d7 b1d2 c7c5;r1bq1rk1/3nbppp/p2p1n2/1pp1p3/3PP3/1BP2N1P/PP1N1PP1/R1BQR1K1 w - c6 0 12;blancas;¿Qué candidato priorizar si existe ...d5 inmediato?;800–1400;"Una jugada que controle o responda a ...d5, antes que una maniobra lenta. Cuando ...d5 es inmediato, una jugada lenta puede perder el momento; primero hay que decidir cómo responder a la ruptura.";Cf1 o h3 pueden ser buenas, pero son demasiado lentas si ...d5 cambia la posición en la jugada siguiente.;Comparar al menos dos candidatas, anticipar la mejor respuesta rival y revisar ESP-P11 y ESP-S05.;ESP-E23
ESP-E24;ejercicio;Ejercicio 24;Parte XIII / Ampliación D;e2e4 e7e5 g1f3 b8c6 f1b5 a7a6 b5a4 g8f6 e1g1 f8e7 f1e1 b7b5 a4b3 d7d6 c2c3 e8g8 h2h3 c6b8 d2d4 b8d7 b1d2 c7c5 d4d5 d8c7 d2f1 g7g6 f1g3;r1b2rk1/2qnbp1p/p2p1np1/1ppPp3/4P3/1BP2NNP/PP3PP1/R1BQR1K1 b - - 1 14;negras;¿Qué significa mantener tensión?;800–1400;No capturar hasta saber a quién favorece la estructura resultante. Mantener tensión significa posponer la captura con una razón: desarrollar, mejorar una pieza o provocar una concesión.;No capturar sin plan tampoco es virtud: la tensión debe conservarse porque mejora tus opciones, no por indecisión.;Comparar al menos dos candidatas, anticipar la mejor respuesta rival y revisar ESP-P12 y ESP-S06.;ESP-E24
ESP-E25;ejercicio;Ejercicio 25;Parte XIII / Ampliación D;e2e4 e7e5;rnbqkbnr/pppp1ppp/8/4p3/4P3/8/PPPP1PPP/RNBQKBNR w KQkq e6 0 2;blancas;¿Cómo mejorar el alfil c1?;800–1400;"Tras d4, puede ir a e3, g5 o d2 según la estructura. Ae3 suele apoyar d4 y Dd2; Ag5 aumenta presión; Ad2 conecta torres. La estructura decide qué diagonal es útil.";Desarrollar el alfil antes de saber qué ocurre en el centro puede obligarlo a perder tiempos o dejarlo mal colocado.;Comparar al menos dos candidatas, anticipar la mejor respuesta rival y revisar ESP-P01 y ESP-S01.;ESP-E25
ESP-E26;ejercicio;Ejercicio 26;Parte XIII / Ampliación D;e2e4 e7e5 g1f3 b8c6;r1bqkbnr/pppp1ppp/2n5/4p3/4P3/5N2/PPPP1PPP/RNBQKB1R w KQkq - 2 3;blancas;¿Qué piezas mejoran en centro abierto?;800–1400;"Torres y alfiles; necesitan líneas y rey seguro. Torres y alfiles aprovechan columnas y diagonales; por eso el rey debe estar seguro antes de abrir el centro.";Maniobrar lentamente con caballos desaprovecha columnas y diagonales que exigen actividad inmediata.;Comparar al menos dos candidatas, anticipar la mejor respuesta rival y revisar ESP-P02 y ESP-S02.;ESP-E26
ESP-E27;ejercicio;Ejercicio 27;Parte XIII / Ampliación D;e2e4 e7e5 g1f3 b8c6 f1b5 a7a6;r1bqkbnr/1ppp1ppp/p1n5/1B2p3/4P3/5N2/PPPP1PPP/RNBQK2R w KQkq - 0 4;blancas;¿Qué piezas mejoran en centro cerrado?;800–1400;"Caballos y maniobras; los alfiles esperan rupturas. Los caballos encuentran puestos estables detrás de las cadenas; los alfiles necesitan una ruptura para no quedar limitados.";Abrir un flanco con peones sin coordinación puede crear debilidades permanentes antes de que las piezas lleguen.;Comparar al menos dos candidatas, anticipar la mejor respuesta rival y revisar ESP-P03 y ESP-S03.;ESP-E27
ESP-E28;ejercicio;Ejercicio 28;Parte XIII / Ampliación D;e2e4 e7e5 g1f3 b8c6 f1b5 a7a6 b5a4 g8f6;r1bqkb1r/1ppp1ppp/p1n2n2/4p3/B3P3/5N2/PPPP1PPP/RNBQK2R w KQkq - 2 5;blancas;En la Variante del Cambio, ¿qué compensa los peones doblados negros?;800–1400;La pareja de alfiles, columna d y actividad. La pareja de alfiles, la columna d y el desarrollo fluido permiten a negras compensar la debilidad estática de los peones doblados.;Juzgar solo los peones doblados ignora los factores dinámicos que permiten a negras jugar activamente.;Comparar al menos dos candidatas, anticipar la mejor respuesta rival y revisar ESP-P04 y ESP-S04.;ESP-E28
ESP-E29;ejercicio;Ejercicio 29;Parte XIII / Ampliación D;e2e4 e7e5 g1f3 b8c6 f1b5 a7a6 b5a4 g8f6 e1g1 f8e7;r1bqk2r/1pppbppp/p1n2n2/4p3/B3P3/5N2/PPPP1PPP/RNBQ1RK1 w kq - 4 6;blancas;¿Cuándo simplificar en la Variante del Cambio?;800–1400;Cuando el final mantiene la mayoría blanca y reduce la actividad de los alfiles. Simplificar favorece a blancas si reduce la actividad de los alfiles negros y conserva la mayoría del flanco de rey.;Cambiar las piezas activas blancas o permitir que sobrevivan ambos alfiles negros puede eliminar la ventaja estructural.;Comparar al menos dos candidatas, anticipar la mejor respuesta rival y revisar ESP-P05 y ESP-S05.;ESP-E29
ESP-E30;ejercicio;Ejercicio 30;Parte XIII / Ampliación D;e2e4 e7e5 g1f3 b8c6 f1b5 a7a6 b5a4 g8f6 e1g1 f8e7 f1e1 b7b5;r1bqk2r/2ppbppp/p1n2n2/1p2p3/B3P3/5N2/PPPP1PPP/RNBQR1K1 w kq b6 0 7;blancas;¿Qué busca ...c5 contra d4?;800–1400;"Atacar la base central y ganar espacio. ...c5 ataca d4 y disputa espacio; a cambio puede ceder d5 como puesto avanzado si el peón blanco consigue avanzar.";Responder de forma pasiva a ...c5 permite que negras ataquen la base d4 sin pagar un precio posicional.;Comparar al menos dos candidatas, anticipar la mejor respuesta rival y revisar ESP-P06 y ESP-S06.;ESP-E30
ESP-E31;ejercicio;Ejercicio 31;Parte XIII / Ampliación D;e2e4 e7e5 g1f3 b8c6 f1b5 a7a6 b5a4 g8f6 e1g1 f8e7 f1e1 b7b5 a4b3 d7d6;r1bqk2r/2p1bppp/p1np1n2/1p2p3/4P3/1B3N2/PPPP1PPP/RNBQR1K1 w kq - 0 8;blancas;¿Qué busca ...c4 en centro cerrado?;800–1400;"Ganar espacio y expulsar al alfil b3, creando contrajuego en dama. ...c4 gana espacio y puede expulsar Ab3; blancas deben decidir si conservar el alfil o reaccionar en el centro o el flanco de rey.";Retirar automáticamente el alfil puede perder el momento de golpear en el centro o iniciar juego en el otro flanco.;Comparar al menos dos candidatas, anticipar la mejor respuesta rival y revisar ESP-P07 y ESP-S01.;ESP-E31
ESP-E32;ejercicio;Ejercicio 32;Parte XIII / Ampliación D;e2e4 e7e5 g1f3 b8c6 f1b5 a7a6 b5a4 g8f6 e1g1 f8e7 f1e1 b7b5 a4b3 d7d6 c2c3 e8g8;r1bq1rk1/2p1bppp/p1np1n2/1p2p3/4P3/1BP2N2/PP1P1PPP/RNBQR1K1 w - - 1 9;blancas;¿Qué busca ...f5?;800–1400;Atacar e4 y abrir el flanco de rey. ...f5 presiona e4 y abre líneas, pero también puede debilitar e6, g6 y el propio rey negro.;Avanzar peones del rey sin calcular puede abrir líneas que favorezcan a las piezas blancas.;Comparar al menos dos candidatas, anticipar la mejor respuesta rival y revisar ESP-P08 y ESP-S02.;ESP-E32
ESP-E33;ejercicio;Ejercicio 33;Parte XIII / Ampliación D;e2e4 e7e5 g1f3 b8c6 f1b5 a7a6 b5a4 g8f6 e1g1 f8e7 f1e1 b7b5 a4b3 d7d6 c2c3 e8g8 h2h3 c6b8;rnbq1rk1/2p1bppp/p2p1n2/1p2p3/4P3/1BP2N1P/PP1P1PP1/RNBQR1K1 w - - 1 10;blancas;Compara h3 y d4.;800–1400;"d4 cambia el centro; h3 es profilaxis. La urgencia central decide. d4 cambia la estructura y exige cálculo; h3 es profilaxis. La urgencia del centro determina cuál debe jugarse primero.";Tratar h3 y d4 como equivalentes oculta que una es preventiva y la otra transforma el centro.;Comparar al menos dos candidatas, anticipar la mejor respuesta rival y revisar ESP-P09 y ESP-S03.;ESP-E33
ESP-E34;ejercicio;Ejercicio 34;Parte XIII / Ampliación D;e2e4 e7e5 g1f3 b8c6 f1b5 a7a6 b5a4 g8f6 e1g1 f8e7 f1e1 b7b5 a4b3 d7d6 c2c3 e8g8 h2h3 c6b8 d2d4 b8d7;r1bq1rk1/2pnbppp/p2p1n2/1p2p3/3PP3/1BP2N1P/PP3PP1/RNBQR1K1 w - - 1 11;blancas;Compara Cbd2 y a4.;800–1400;"Cbd2 mejora la peor pieza; a4 cuestiona b5. Elige según amenaza y estructura. Cbd2 mejora una pieza; a4 cuestiona la cadena ...a6-b5. Elige según si el problema principal es coordinación o espacio.";Una jugada temática no es automáticamente prioritaria: primero debe responder al problema concreto de la posición.;Comparar al menos dos candidatas, anticipar la mejor respuesta rival y revisar ESP-P10 y ESP-S04.;ESP-E34
ESP-E35;ejercicio;Ejercicio 35;Parte XIII / Ampliación D;e2e4 e7e5 g1f3 b8c6 f1b5 a7a6 b5a4 g8f6 e1g1 f8e7 f1e1 b7b5 a4b3 d7d6 c2c3 e8g8 h2h3 c6b8 d2d4 b8d7 b1d2 c7c5;r1bq1rk1/3nbppp/p2p1n2/1pp1p3/3PP3/1BP2N1P/PP1N1PP1/R1BQR1K1 w - c6 0 12;blancas;Compara d5 y dxe5.;800–1400;"d5 gana espacio y cierra; dxe5 abre líneas. Elige según piezas y rey. d5 cierra y gana espacio; dxe5 abre líneas. La mejor opción depende de qué bando tiene piezas mejor preparadas para el nuevo centro.";Elegir por preferencia estética y no por actividad de piezas puede conducir a una estructura favorable al rival.;Comparar al menos dos candidatas, anticipar la mejor respuesta rival y revisar ESP-P11 y ESP-S05.;ESP-E35
ESP-E36;ejercicio;Ejercicio 36;Parte XIII / Ampliación D;e2e4 e7e5 g1f3 b8c6 f1b5 a7a6 b5a4 g8f6 e1g1 f8e7 f1e1 b7b5 a4b3 d7d6 c2c3 e8g8 h2h3 c6b8 d2d4 b8d7 b1d2 c7c5 d4d5 d8c7 d2f1 g7g6 f1g3;r1b2rk1/2qnbp1p/p2p1np1/1ppPp3/4P3/1BP2NNP/PP3PP1/R1BQR1K1 b - - 1 14;negras;Tablero virtual: reproduce hasta 8.c3.;800–1400;Explica cada pareja: intención blanca, respuesta negra y cambio estructural. Detente después de cada pareja de jugadas y explica qué pieza mejoró, qué casilla cambió y qué plan quedó preparado.;Reproducir de memoria sin verbalizar las intenciones no entrena reconocimiento ni transferencia a partidas reales.;Comparar al menos dos candidatas, anticipar la mejor respuesta rival y revisar ESP-P12 y ESP-S06.;ESP-E36
ESP-E37;ejercicio;Ejercicio 37;Parte XIII / Ampliación D;e2e4 e7e5;rnbqkbnr/pppp1ppp/8/4p3/4P3/8/PPPP1PPP/RNBQKBNR w KQkq e6 0 2;blancas;Tablero virtual: reproduce la ruta Cbd2-f1-g3.;800–1400;"En cada salto, explica qué casillas gana y qué deja de controlar. En d2 el caballo apoya e4; en f1 se reorganiza; en g3 controla f5 y h5. Si el centro se abre, la maniobra puede ser demasiado lenta.";Ejecutar la maniobra con el centro a punto de abrirse puede dejar al caballo fuera del juego durante varias jugadas.;Comparar al menos dos candidatas, anticipar la mejor respuesta rival y revisar ESP-P01 y ESP-S01.;ESP-E37
ESP-E38;ejercicio;Ejercicio 38;Parte XIII / Ampliación D;e2e4 e7e5 g1f3 b8c6;r1bqkbnr/pppp1ppp/2n5/4p3/4P3/5N2/PPPP1PPP/RNBQKB1R w KQkq - 2 3;blancas;Tablero virtual: practica la Berlinesa con 4.O-O.;800–1400;Tras ...Cxe4, usa d4 para crear actividad y compara respuestas. Tras ...Cxe4, d4 busca actividad inmediata. El objetivo de la práctica es reconocer el principio, no memorizar una larga variante.;Memorizar más movimientos sin entender d4 crea una preparación frágil que desaparece ante la primera desviación.;Comparar al menos dos candidatas, anticipar la mejor respuesta rival y revisar ESP-P02 y ESP-S02.;ESP-E38
ESP-E39;ejercicio;Ejercicio 39;Parte XIII / Ampliación D;e2e4 e7e5 g1f3 b8c6 f1b5 a7a6;r1bqkbnr/1ppp1ppp/p1n5/1B2p3/4P3/5N2/PPPP1PPP/RNBQK2R w KQkq - 0 4;blancas;Tablero virtual: practica Axc6 dxc6.;800–1400;"Identifica la mayoría del flanco de rey y la pareja de alfiles negra. Blancas buscan una mayoría útil en el final; negras compensan con pareja de alfiles y actividad. Cada cambio debe evaluarse desde ambos lados.";Cambiar todas las piezas automáticamente puede conservar los alfiles negros activos o perder la mayoría favorable.;Comparar al menos dos candidatas, anticipar la mejor respuesta rival y revisar ESP-P03 y ESP-S03.;ESP-E39
ESP-E40;ejercicio;Ejercicio 40;Parte XIII / Ampliación D;e2e4 e7e5 g1f3 b8c6 f1b5 a7a6 b5a4 g8f6;r1bqkb1r/1ppp1ppp/p1n2n2/4p3/B3P3/5N2/PPPP1PPP/RNBQK2R w KQkq - 2 5;blancas;Revisión global: construye tu plan en una posición desconocida.;800–1400;Observa amenaza, clasifica centro, mejora peor pieza, compara dos candidatas y calcula la mejor respuesta rival. El plan correcto debe responder a la amenaza rival, encajar con la estructura y mejorar la pieza menos activa antes de buscar una combinación.;"Recordar una jugada de apertura sin justificarla no sirve en una posición nueva; el método debe producir una decisión razonada.";Comparar al menos dos candidatas, anticipar la mejor respuesta rival y revisar ESP-P04 y ESP-S04.;ESP-E40
ESP-M01-P1;partida_modelo;Construcción clásica y maniobra hacia g3;Parte X;e2e4 e7e5 g1f3 b8c6 f1b5 a7a6;r1bqkbnr/1ppp1ppp/p1n5/1B2p3/4P3/5N2/PPPP1PPP/RNBQK2R w KQkq - 0 4;blancas;Parada didáctica 1: interpretar la posición real de la partida;900–1400;Las blancas deben explicar qué pieza ha mejorado, qué ruptura está disponible y qué plan prepara la última jugada de la secuencia ESP-M01-P1.;Las negras deben identificar su contrajuego concreto y la respuesta más activa en la posición ESP-M01-P1, sin limitarse a defender.;"La FEN y el diagrama corresponden exactamente al momento señalado; continuar la partida solo después de verbalizar el plan de ambos bandos.";ESP-M01
ESP-M01-P2;partida_modelo;Construcción clásica y maniobra hacia g3;Parte X;e2e4 e7e5 g1f3 b8c6 f1b5 a7a6 b5a4 g8f6 e1g1 f8e7 f1e1 b7b5 a4b3 d7d6 c2c3 e8g8;r1bq1rk1/2p1bppp/p1np1n2/1p2p3/4P3/1BP2N2/PP1P1PPP/RNBQR1K1 w - - 1 9;blancas;Parada didáctica 2: interpretar la posición real de la partida;900–1400;Las blancas deben explicar qué pieza ha mejorado, qué ruptura está disponible y qué plan prepara la última jugada de la secuencia ESP-M01-P2.;Las negras deben identificar su contrajuego concreto y la respuesta más activa en la posición ESP-M01-P2, sin limitarse a defender.;"La FEN y el diagrama corresponden exactamente al momento señalado; continuar la partida solo después de verbalizar el plan de ambos bandos.";ESP-M01
ESP-M01-P3;partida_modelo;Construcción clásica y maniobra hacia g3;Parte X;e2e4 e7e5 g1f3 b8c6 f1b5 a7a6 b5a4 g8f6 e1g1 f8e7 f1e1 b7b5 a4b3 d7d6 c2c3 e8g8 h2h3 c6b8 d2d4;rnbq1rk1/2p1bppp/p2p1n2/1p2p3/3PP3/1BP2N1P/PP3PP1/RNBQR1K1 b - d3 0 10;negras;Parada didáctica 3: interpretar la posición real de la partida;900–1400;Las blancas deben explicar qué pieza ha mejorado, qué ruptura está disponible y qué plan prepara la última jugada de la secuencia ESP-M01-P3.;Las negras deben identificar su contrajuego concreto y la respuesta más activa en la posición ESP-M01-P3, sin limitarse a defender.;"La FEN y el diagrama corresponden exactamente al momento señalado; continuar la partida solo después de verbalizar el plan de ambos bandos.";ESP-M01
ESP-M01-P4;partida_modelo;Construcción clásica y maniobra hacia g3;Parte X;e2e4 e7e5 g1f3 b8c6 f1b5 a7a6 b5a4 g8f6 e1g1 f8e7 f1e1 b7b5 a4b3 d7d6 c2c3 e8g8 h2h3 c6b8 d2d4 b8d7 b1d2 c8b7 b3c2 f8e8 d2f1 e7f8 f1g3;r2qrbk1/1bpn1ppp/p2p1n2/1p2p3/3PP3/2P2NNP/PPB2PP1/R1BQR1K1 b - - 8 14;negras;Parada didáctica 4: interpretar la posición real de la partida;900–1400;Las blancas deben explicar qué pieza ha mejorado, qué ruptura está disponible y qué plan prepara la última jugada de la secuencia ESP-M01-P4.;Las negras deben identificar su contrajuego concreto y la respuesta más activa en la posición ESP-M01-P4, sin limitarse a defender.;"La FEN y el diagrama corresponden exactamente al momento señalado; continuar la partida solo después de verbalizar el plan de ambos bandos.";ESP-M01
ESP-M01-P5;partida_modelo;Construcción clásica y maniobra hacia g3;Parte X;e2e4 e7e5 g1f3 b8c6 f1b5 a7a6 b5a4 g8f6 e1g1 f8e7 f1e1 b7b5 a4b3 d7d6 c2c3 e8g8 h2h3 c6b8 d2d4 b8d7 b1d2 c8b7 b3c2 f8e8 d2f1 e7f8 f1g3 g7g6 a2a4 c7c5 d4d5 c5c4 c1e3 d7c5;r2qrbk1/1b3p1p/p2p1np1/1pnPp3/P1p1P3/2P1BNNP/1PB2PP1/R2QR1K1 w - - 2 18;blancas;Parada didáctica 5: interpretar la posición real de la partida;900–1400;Las blancas deben explicar qué pieza ha mejorado, qué ruptura está disponible y qué plan prepara la última jugada de la secuencia ESP-M01-P5.;Las negras deben identificar su contrajuego concreto y la respuesta más activa en la posición ESP-M01-P5, sin limitarse a defender.;"La FEN y el diagrama corresponden exactamente al momento señalado; continuar la partida solo después de verbalizar el plan de ambos bandos.";ESP-M01
ESP-M02-P1;partida_modelo;Castigar la captura prematura del peón e4;Parte X;e2e4 e7e5 g1f3 b8c6 f1b5 a7a6 b5c6 d7c6;r1bqkbnr/1pp2ppp/p1p5/4p3/4P3/5N2/PPPP1PPP/RNBQK2R w KQkq - 0 5;blancas;Parada didáctica 1: interpretar la posición real de la partida;900–1400;Las blancas deben explicar qué pieza ha mejorado, qué ruptura está disponible y qué plan prepara la última jugada de la secuencia ESP-M02-P1.;Las negras deben identificar su contrajuego concreto y la respuesta más activa en la posición ESP-M02-P1, sin limitarse a defender.;"La FEN y el diagrama corresponden exactamente al momento señalado; continuar la partida solo después de verbalizar el plan de ambos bandos.";ESP-M02
ESP-M02-P2;partida_modelo;Castigar la captura prematura del peón e4;Parte X;e2e4 e7e5 g1f3 b8c6 f1b5 a7a6 b5c6 d7c6 e1g1 f7f6 d2d4 e5d4 d1d4 d8d4;r1b1kbnr/1pp3pp/p1p2p2/8/3qP3/5N2/PPP2PPP/RNB2RK1 w kq - 0 8;blancas;Parada didáctica 2: interpretar la posición real de la partida;900–1400;Las blancas deben explicar qué pieza ha mejorado, qué ruptura está disponible y qué plan prepara la última jugada de la secuencia ESP-M02-P2.;Las negras deben identificar su contrajuego concreto y la respuesta más activa en la posición ESP-M02-P2, sin limitarse a defender.;"La FEN y el diagrama corresponden exactamente al momento señalado; continuar la partida solo después de verbalizar el plan de ambos bandos.";ESP-M02
ESP-M02-P3;partida_modelo;Castigar la captura prematura del peón e4;Parte X;e2e4 e7e5 g1f3 b8c6 f1b5 a7a6 b5c6 d7c6 e1g1 f7f6 d2d4 e5d4 d1d4 d8d4 f3d4 c8d7 b1c3 e8c8 c1e3 f8d6;2kr2nr/1ppb2pp/p1pb1p2/8/3NP3/2N1B3/PPP2PPP/R4RK1 w - - 5 11;blancas;Parada didáctica 3: interpretar la posición real de la partida;900–1400;Las blancas deben explicar qué pieza ha mejorado, qué ruptura está disponible y qué plan prepara la última jugada de la secuencia ESP-M02-P3.;Las negras deben identificar su contrajuego concreto y la respuesta más activa en la posición ESP-M02-P3, sin limitarse a defender.;"La FEN y el diagrama corresponden exactamente al momento señalado; continuar la partida solo después de verbalizar el plan de ambos bandos.";ESP-M02
ESP-M02-P4;partida_modelo;Castigar la captura prematura del peón e4;Parte X;e2e4 e7e5 g1f3 b8c6 f1b5 a7a6 b5c6 d7c6 e1g1 f7f6 d2d4 e5d4 d1d4 d8d4 f3d4 c8d7 b1c3 e8c8 c1e3 f8d6 d4b3 g8e7 a1d1 h8e8 f2f3 e7g6 b3c5;2krr3/1ppb2pp/p1pb1pn1/2N5/4P3/2N1BP2/PPP3PP/3R1RK1 b - - 2 14;negras;Parada didáctica 4: interpretar la posición real de la partida;900–1400;Las blancas deben explicar qué pieza ha mejorado, qué ruptura está disponible y qué plan prepara la última jugada de la secuencia ESP-M02-P4.;Las negras deben identificar su contrajuego concreto y la respuesta más activa en la posición ESP-M02-P4, sin limitarse a defender.;"La FEN y el diagrama corresponden exactamente al momento señalado; continuar la partida solo después de verbalizar el plan de ambos bandos.";ESP-M02
ESP-M02-P5;partida_modelo;Castigar la captura prematura del peón e4;Parte X;e2e4 e7e5 g1f3 b8c6 f1b5 a7a6 b5c6 d7c6 e1g1 f7f6 d2d4 e5d4 d1d4 d8d4 f3d4 c8d7 b1c3 e8c8 c1e3 f8d6 d4b3 g8e7 a1d1 h8e8 f2f3 e7g6 b3c5 d7e6 c5e6 e8e6 g2g3 g6e5 g1g2;2kr4/1pp3pp/p1pbrp2/4n3/4P3/2N1BPP1/PPP3KP/3R1R2 b - - 2 17;negras;Parada didáctica 5: interpretar la posición real de la partida;900–1400;Las blancas deben explicar qué pieza ha mejorado, qué ruptura está disponible y qué plan prepara la última jugada de la secuencia ESP-M02-P5.;Las negras deben identificar su contrajuego concreto y la respuesta más activa en la posición ESP-M02-P5, sin limitarse a defender.;"La FEN y el diagrama corresponden exactamente al momento señalado; continuar la partida solo después de verbalizar el plan de ambos bandos.";ESP-M02
ESP-M03-P1;partida_modelo;Cambio temprano y final de estructura sana;Parte X;e2e4 e7e5 g1f3 b8c6 f1b5 g8f6;r1bqkb1r/pppp1ppp/2n2n2/1B2p3/4P3/5N2/PPPP1PPP/RNBQK2R w KQkq - 4 4;blancas;Parada didáctica 1: interpretar la posición real de la partida;900–1400;Las blancas deben explicar qué pieza ha mejorado, qué ruptura está disponible y qué plan prepara la última jugada de la secuencia ESP-M03-P1.;Las negras deben identificar su contrajuego concreto y la respuesta más activa en la posición ESP-M03-P1, sin limitarse a defender.;"La FEN y el diagrama corresponden exactamente al momento señalado; continuar la partida solo después de verbalizar el plan de ambos bandos.";ESP-M03
ESP-M03-P2;partida_modelo;Cambio temprano y final de estructura sana;Parte X;e2e4 e7e5 g1f3 b8c6 f1b5 g8f6 d2d3 f8c5 e1g1 e8g8 c2c3 d7d6;r1bq1rk1/ppp2ppp/2np1n2/1Bb1p3/4P3/2PP1N2/PP3PPP/RNBQ1RK1 w - - 0 7;blancas;Parada didáctica 2: interpretar la posición real de la partida;900–1400;Las blancas deben explicar qué pieza ha mejorado, qué ruptura está disponible y qué plan prepara la última jugada de la secuencia ESP-M03-P2.;Las negras deben identificar su contrajuego concreto y la respuesta más activa en la posición ESP-M03-P2, sin limitarse a defender.;"La FEN y el diagrama corresponden exactamente al momento señalado; continuar la partida solo después de verbalizar el plan de ambos bandos.";ESP-M03
ESP-M03-P3;partida_modelo;Cambio temprano y final de estructura sana;Parte X;e2e4 e7e5 g1f3 b8c6 f1b5 g8f6 d2d3 f8c5 e1g1 e8g8 c2c3 d7d6 f1e1 a7a6 b5a4 b7b5 a4b3 c5b6 h2h3 h7h6;r1bq1rk1/2p2pp1/pbnp1n1p/1p2p3/4P3/1BPP1N1P/PP3PP1/RNBQR1K1 w - - 0 11;blancas;Parada didáctica 3: interpretar la posición real de la partida;900–1400;Las blancas deben explicar qué pieza ha mejorado, qué ruptura está disponible y qué plan prepara la última jugada de la secuencia ESP-M03-P3.;Las negras deben identificar su contrajuego concreto y la respuesta más activa en la posición ESP-M03-P3, sin limitarse a defender.;"La FEN y el diagrama corresponden exactamente al momento señalado; continuar la partida solo después de verbalizar el plan de ambos bandos.";ESP-M03
ESP-M03-P4;partida_modelo;Cambio temprano y final de estructura sana;Parte X;e2e4 e7e5 g1f3 b8c6 f1b5 g8f6 d2d3 f8c5 e1g1 e8g8 c2c3 d7d6 f1e1 a7a6 b5a4 b7b5 a4b3 c5b6 h2h3 h7h6 b1d2 f8e8 d2f1 c8e6 f1g3 d8d7;r3r1k1/2pq1pp1/pbnpbn1p/1p2p3/4P3/1BPP1NNP/PP3PP1/R1BQR1K1 w - - 6 14;blancas;Parada didáctica 4: interpretar la posición real de la partida;900–1400;Las blancas deben explicar qué pieza ha mejorado, qué ruptura está disponible y qué plan prepara la última jugada de la secuencia ESP-M03-P4.;Las negras deben identificar su contrajuego concreto y la respuesta más activa en la posición ESP-M03-P4, sin limitarse a defender.;"La FEN y el diagrama corresponden exactamente al momento señalado; continuar la partida solo después de verbalizar el plan de ambos bandos.";ESP-M03
ESP-M03-P5;partida_modelo;Cambio temprano y final de estructura sana;Parte X;e2e4 e7e5 g1f3 b8c6 f1b5 g8f6 d2d3 f8c5 e1g1 e8g8 c2c3 d7d6 f1e1 a7a6 b5a4 b7b5 a4b3 c5b6 h2h3 h7h6 b1d2 f8e8 d2f1 c8e6 f1g3 d8d7 d3d4 e6b3 a2b3 e5d4 c3d4;r3r1k1/2pq1pp1/pbnp1n1p/1p6/3PP3/1P3NNP/1P3PP1/R1BQR1K1 b - - 0 16;negras;Parada didáctica 5: interpretar la posición real de la partida;900–1400;Las blancas deben explicar qué pieza ha mejorado, qué ruptura está disponible y qué plan prepara la última jugada de la secuencia ESP-M03-P5.;Las negras deben identificar su contrajuego concreto y la respuesta más activa en la posición ESP-M03-P5, sin limitarse a defender.;"La FEN y el diagrama corresponden exactamente al momento señalado; continuar la partida solo después de verbalizar el plan de ambos bandos.";ESP-M03
