codigo,tipo,titulo,capítulo,secuencia,FEN,bando_que_mueve,objetivo,nivel,comentario_blancas,comentario_negras,continuidad_didactica,referencia_en_manual
ESC-P01,ficha_posicion,Centro simétrico antes de la ruptura,Ampliación A · 12 análisis posición por posición,e2e4 e7e5,rnbqkbnr/pppp1ppp/8/4p3/4P3/8/PPPP1PPP/RNBQKBNR w KQkq e6 0 2,blancas,Igualdad dinámica inicial; las blancas eligen el momento de abrir.,progresivo,"Jugar Cf3, d4 y recuperar con Cxd4, manteniendo piezas activas.",Desarrollar Cc6 y contestar d4 con ...exd4 para evitar que las blancas mantengan dos peones centrales.,2.Cf3 Cc6 3.d4: desarrollo con amenaza y ruptura inmediata. Error a evitar: 2.Dh5?! expone la dama a ...Cc6 y no desarrolla una pieza.,ESC-P01 · Ampliación A
ESC-P02,ficha_posicion,Desarrollo con presión sobre e5,Ampliación A · 12 análisis posición por posición,e2e4 e7e5 g1f3 b8c6,r1bqkbnr/pppp1ppp/2n5/4p3/4P3/5N2/PPPP1PPP/RNBQKB1R w KQkq - 2 3,blancas,"Ligera iniciativa blanca por llevar la mano, sin ventaja material.",progresivo,Abrir el centro con d4 antes de mover peones laterales.,Aceptar la ruptura con ...exd4 y desarrollar ...Cf6 o ...Ac5.,3.d4 exd4 4.Cxd4: el caballo recupera con actividad. Error a evitar: 3.Cxe5? permite ...Cxe5 y pierde el caballo tras la secuencia de cambios.,ESC-P02 · Ampliación A
ESC-P03,ficha_posicion,La ruptura 3.d4 obliga a decidir,Ampliación A · 12 análisis posición por posición,e2e4 e7e5 g1f3 b8c6 d2d4 e5d4,r1bqkbnr/pppp1ppp/2n5/8/3pP3/5N2/PPP2PPP/RNBQKB1R w KQkq - 0 4,blancas,Centro abierto inminente; el desarrollo rápido vale más que un peón lateral.,progresivo,"Recuperar con Cxd4; evitar 4.Dxd4, que permite ...Cxd4 con ganancia de tiempo en muchas desviaciones.",Atacar e4 con ...Cf6 o presionar el caballo d4 con ...Ac5.,4.Cxd4 Cf6: conservar la dama y desarrollar con tempo. Error a evitar: 4.Dxd4?! deja la dama vulnerable a ...Cc6 y obliga a gastar tiempos.,ESC-P03 · Ampliación A
ESC-P04,ficha_posicion,Recaptura activa y respuesta 4...Cf6,Ampliación A · 12 análisis posición por posición,e2e4 e7e5 g1f3 b8c6 d2d4 e5d4 f3d4 g8f6,r1bqkb1r/pppp1ppp/2n2n2/8/3NP3/8/PPP2PPP/RNBQKB1R w KQkq - 1 5,blancas,Posición principal de la Escocesa: actividad equilibrada y decisiones concretas.,progresivo,Responder a ...Cf6 con Cxc6 para alterar la estructura y después desarrollar Ad3.,"Tras Cxc6, recapturar ...bxc6 para conservar la pareja de alfiles y preparar ...d5.",5.Cxc6 bxc6 6.Ad3: crear un objetivo estructural y preparar el enroque. Error a evitar: 5.Cxc6 sin plan posterior y luego e5 prematuro puede dejar al rey en el centro.,ESC-P04 · Ampliación A
ESC-P05,ficha_posicion,Estructura asimétrica tras Cxc6 y ...bxc6,Ampliación A · 12 análisis posición por posición,e2e4 e7e5 g1f3 b8c6 d2d4 e5d4 f3d4 g8f6 d4c6 b7c6,r1bqkb1r/p1pp1ppp/2p2n2/8/4P3/8/PPP2PPP/RNBQKB1R w KQkq - 0 6,blancas,"Desequilibrio sano: blancas tienen estructura más limpia; negras, pareja de alfiles y columnas.",progresivo,"Desarrollar Ad3, enrocar y decidir si conviene e5 o exd5 según la preparación negra.","Jugar ...d5 con apoyo, desarrollar ...Ae7 y enrocar antes de usar la columna b.",6.Ad3 d5 7.exd5: obligar a las negras a definir su centro. Error a evitar: 6.f3?! debilita e3 y retrasa el enroque sin resolver el desarrollo.,ESC-P05 · Ampliación A
ESC-P06,ficha_posicion,Preparar la transformación con Ad3 y ...d5,Ampliación A · 12 análisis posición por posición,e2e4 e7e5 g1f3 b8c6 d2d4 e5d4 f3d4 g8f6 d4c6 b7c6 f1d3 d7d5,r1bqkb1r/p1p2ppp/2p2n2/3p4/4P3/3B4/PPP2PPP/RNBQK2R w KQkq d6 0 7,blancas,Tensión central crítica. Quien calcule mejor la secuencia de capturas coordinará antes.,progresivo,"Calcular exd5; si las negras recapturan con el peón c, atacar d5 con Cc3, Te1 y Df3.","Si exd5, recapturar ...cxd5 para activar la torre c8 y sostener un centro móvil.",7.exd5 cxd5 8.O-O: abrir líneas solo después de asegurar el rey. Error a evitar: 7.e5?! cuando ...Cd7 y ...c5 permiten a las negras atacar la cadena.,ESC-P06 · Ampliación A
ESC-P07,ficha_posicion,Peón negro en d5 y líneas abiertas,Ampliación A · 12 análisis posición por posición,e2e4 e7e5 g1f3 b8c6 d2d4 e5d4 f3d4 g8f6 d4c6 b7c6 f1d3 d7d5 e4d5 c6d5,r1bqkb1r/p1p2ppp/5n2/3p4/8/3B4/PPP2PPP/RNBQK2R w KQkq - 0 8,blancas,"Medio juego abierto con objetivo estable en d5, pero buena actividad negra.",progresivo,"Enrocar, colocar una torre en e1 y desarrollar el caballo b1 sin bloquear el alfil c1.",Desarrollar ...Ae7 y enrocar; luego ...c5 para fijar el peón d5 o empujarlo a d4.,8.O-O Ae7 9.Te1: la torre ocupa una columna útil. Error a evitar: 8.Ab5+?! busca un jaque decorativo y deja el rey blanco sin enrocar.,ESC-P07 · Ampliación A
ESC-P08,ficha_posicion,Enroque blanco y desarrollo negro,Ampliación A · 12 análisis posición por posición,e2e4 e7e5 g1f3 b8c6 d2d4 e5d4 f3d4 g8f6 d4c6 b7c6 f1d3 d7d5 e4d5 c6d5 e1g1 f8e7,r1bqk2r/p1p1bppp/5n2/3p4/8/3B4/PPP2PPP/RNBQ1RK1 w kq - 2 9,blancas,Blancas listas para Te1; negras aún deben enrocar antes de emprender acciones centrales.,progresivo,Jugar Te1 y Cd2; no iniciar un ataque en h7 mientras el caballo b1 siga en casa.,Enrocar y jugar ...c5; evitar ...d4 si deja e4 o c4 sin control.,9.Te1 O-O 10.Cd2: completar desarrollo antes de atacar. Error a evitar: 9.c4?! antes de Te1 puede dejar d4 débil y dificultar el desarrollo del caballo.,ESC-P08 · Ampliación A
ESC-P09,ficha_posicion,Torres activas en la columna e,Ampliación A · 12 análisis posición por posición,e2e4 e7e5 g1f3 b8c6 d2d4 e5d4 f3d4 g8f6 d4c6 b7c6 f1d3 d7d5 e4d5 c6d5 e1g1 f8e7 f1e1 e8g8,r1bq1rk1/p1p1bppp/5n2/3p4/8/3B4/PPP2PPP/RNBQR1K1 w - - 4 10,blancas,Equilibrio activo. La columna e y la casilla d5 organizan los planes.,progresivo,"Desarrollar Cd2, b3 y Ab2; presionar d5 con Df3 o c4 cuando sea seguro.",Activar ...c5 y ...Te8; buscar ...d4 cuando el caballo blanco no pueda ocupar c4.,"10.Cd2 c5 11.b3: preparar Ab2 y reforzar el control de d4/e5. Error a evitar: 10.Cf5?! parece agresivo, pero ...Axf5 y ...c5 neutralizan la presión.",ESC-P09 · Ampliación A
ESC-P10,ficha_posicion,Contrajuego negro con ...c5,Ampliación A · 12 análisis posición por posición,e2e4 e7e5 g1f3 b8c6 d2d4 e5d4 f3d4 g8f6 d4c6 b7c6 f1d3 d7d5 e4d5 c6d5 e1g1 f8e7 f1e1 e8g8 b1d2 c7c5,r1bq1rk1/p3bppp/5n2/2pp4/8/3B4/PPPN1PPP/R1BQR1K1 w - c6 0 11,blancas,Las negras obtienen contrajuego real; las blancas deben completar su desarrollo sin defender pasivamente.,progresivo,"Responder a ...c5 con desarrollo: b3, Ab2 y Df3; reservar c4 para cuando no debilite d4.",Completar ...Te8 y ...Ae6; presionar e2/e1 si la torre blanca queda expuesta.,11.b3 Te8 12.Ab2: enfrentar el alfil al peón d5. Error a evitar: 11.c4?! sin calcular ...d4 concede un puesto fuerte en e4 al caballo negro.,ESC-P10 · Ampliación A
ESC-P11,ficha_posicion,Fianchetto del alfil y presión central,Ampliación A · 12 análisis posición por posición,e2e4 e7e5 g1f3 b8c6 d2d4 e5d4 f3d4 g8f6 d4c6 b7c6 f1d3 d7d5 e4d5 c6d5 e1g1 f8e7 f1e1 e8g8 b1d2 c7c5 b2b3 f8e8,r1bqr1k1/p3bppp/5n2/2pp4/8/1P1B4/P1PN1PPP/R1BQR1K1 w - - 1 12,blancas,La posición es jugable para ambos bandos: blancas presionan d5 y negras buscan ...d4.,progresivo,"Completar Ab2 y Df3; si ...d4, buscar Cc4 y una presión sobre la diagonal a1-h8.","Jugar ...Ae6, ...Tc8 y ...d4; la pareja de alfiles necesita líneas, no defensa pasiva.",12.Ab2 Ae6 13.Df3: sumar presión sin exponer la dama a un tempo fácil. Error a evitar: 12.c4?! puede abrir la diagonal negra hacia e4 si el caballo blanco sigue descoordinado.,ESC-P11 · Ampliación A
ESC-P12,ficha_posicion,Posición de medio juego: planes concretos,Ampliación A · 12 análisis posición por posición,e2e4 e7e5 g1f3 b8c6 d2d4 e5d4 f3d4 g8f6 d4c6 b7c6 f1d3 d7d5 e4d5 c6d5 e1g1 f8e7 f1e1 e8g8 b1d2 c7c5 b2b3 f8e8 c1b2 c8e6,r2qr1k1/p3bppp/4bn2/2pp4/8/1P1B4/PBPN1PPP/R2QR1K1 w - - 3 13,blancas,"Equilibrio complejo, con planes claros y sin necesidad de memorizar una continuación larga.",progresivo,"Comparar Df3, c4 y Cf3-e5; elegir según la amenaza ...d4 y la colocación de las piezas negras.","Preparar ...Tc8 y ...d4; si las blancas juegan c4, valorar ...d4 y la casilla e4 para el caballo.","13.Df3 Tc8 14.Tad1: coordinar torres y responder a ...d4 con Cc4. Error a evitar: 13.Dg4?! se expone a ...Axg4 o ...Cxg4 según la táctica; la presión debe construirse, no anunciarse.",ESC-P12 · Ampliación A
ESC-S01,estructura,Centro abierto tras 3...exd4 4.Cxd4,Parte VIII · Seis estructuras de peones,e2e4 e7e5 g1f3 b8c6 d2d4 e5d4 f3d4,r1bqkbnr/pppp1ppp/2n5/8/3NP3/8/PPP2PPP/RNBQKB1R b KQkq - 0 4,negras,Los peones e han desaparecido del centro y la columna d queda despejada. Las piezas menores entran con tiempos y cualquier rey sin enrocar puede convertirse en objetivo.,intermedio,"Desarrollar Cc3, Ae3 o Ad3 y enrocar. La prioridad es aprovechar las líneas antes de iniciar avances laterales.","Atacar el caballo d4 con ...Cf6 o ...Ac5, completar el enroque y devolver la presión sobre e4.","Piezas: Alfiles y torres mejoran; la dama temprana suele ser una pieza problemática. Rupturas: d4, e5 y e-file. La ruptura ...d5 iguala si está bien preparada. Mini ejercicio: Juegan negras: compare 4...Cf6 y 4...Ac5. Ambas desarrollan atacando; elija según el tipo de medio juego que desea.",ESC-S01 · Parte VIII
ESC-S02,estructura,Peones negros doblados en c6 y c7,Parte VIII · Seis estructuras de peones,e2e4 e7e5 g1f3 b8c6 d2d4 e5d4 f3d4 g8f6 d4c6 b7c6,r1bqkb1r/p1pp1ppp/2p2n2/8/4P3/8/PPP2PPP/RNBQKB1R w KQkq - 0 6,blancas,El peón b recaptura en c6 y queda delante del peón c7. No es una debilidad perdida por sí sola: abre la columna b y sostiene d5.,intermedio,"Atacar la base c6 con Ad3, O-O, Te1 y Df3; provocar ...d5 y convertir el peón avanzado en objetivo.","Usar la pareja de alfiles, jugar ...d5 y activar Tb8 o Tc8. La estructura pide actividad inmediata.",Piezas: El alfil c8 puede salir por e6 o g4; el caballo blanco c3 y el alfil d3 apuntan al centro. Rupturas: d5 es la casilla de liberación negra; b-file puede ser útil si las torres se conectan. Mini ejercicio: ¿Debe el blanco ganar c6 de inmediato? No: primero debe forzar que las piezas negras pierdan actividad.,ESC-S02 · Parte VIII
ESC-S03,estructura,Peón negro aislado en d5,Parte VIII · Seis estructuras de peones,e2e4 e7e5 g1f3 b8c6 d2d4 e5d4 f3d4 g8f6 d4c6 b7c6 f1d3 d7d5 e4d5 c6d5,r1bqkb1r/p1p2ppp/5n2/3p4/8/3B4/PPP2PPP/RNBQK2R w KQkq - 0 8,blancas,"El peón de c6 ha llegado a d5 y carece de un peón vecino que lo defienda de forma estable. Da espacio, pero necesita piezas activas.",intermedio,"Bloquear o presionar d5 con Cc3, Te1, Df3 y Tad1; evitar que avance a d4 en buenas condiciones.","Jugar ...c5, ...Ae6, ...Tc8 y, si es posible, ...d4. La iniciativa compensa el defecto estático.","Piezas: Un caballo blanco en c4 puede ser excelente; el alfil negro de casillas oscuras apoya el avance ...d4. Rupturas: c4 y e4 son puestos derivados. Las rupturas ...c5 y c4 son decisiones centrales. Mini ejercicio: Tras ...c5, la respuesta práctica es desarrollar b3 y Ab2 antes de capturar o empujar.",ESC-S03 · Parte VIII
ESC-S04,estructura,Clásica con c3 y tensión sobre d4,Parte VIII · Seis estructuras de peones,e2e4 e7e5 g1f3 b8c6 d2d4 e5d4 f3d4 f8c5 c1e3 d8f6 c2c3 g8e7,r1b1k2r/ppppnppp/2n2q2/2b5/3NP3/2P1B3/PP3PPP/RN1QKB1R w KQkq - 1 7,blancas,"El peón c3 sostiene al caballo d4 y prepara desarrollo flexible. Las negras concentran presión sobre d4 con alfil, dama y caballo.",intermedio,"Desarrollar Ac4 o Ae2, enrocar y retirar el caballo a c2 solo cuando la presión lo exija.","Añadir ...O-O y ...d5; si el caballo se retira, ocupar el centro con ...d5 sin perder tiempos de dama.","Piezas: El alfil e3 es útil, pero puede ser blanco de ...d5; el caballo e7 puede ir g6 o c6. Rupturas: d4, e5 y f2. La ruptura ...d5 es el liberador principal. Mini ejercicio: ¿Por qué 7.Ac4 es útil? Desarrolla, controla f7 y permite O-O sin mover de nuevo el alfil e3.",ESC-S04 · Parte VIII
ESC-S05,estructura,Dama blanca central tras 4...Cxd4 5.Dxd4,Parte VIII · Seis estructuras de peones,e2e4 e7e5 g1f3 b8c6 d2d4 e5d4 f3d4 c6d4 d1d4,r1bqkbnr/pppp1ppp/8/8/3QP3/8/PPP2PPP/RNB1KB1R b KQkq - 0 5,negras,"Las piezas centrales se han cambiado y la dama blanca ocupa d4. La estructura es sana, pero el negro puede ganar tiempos desarrollando.",intermedio,"Colocar Cc3, Ae3 o Ag5 y enrocar largo solo si la dama encuentra una casilla estable.","Jugar ...Cf6, ...d6 y ...Ae7 con tempos sobre la dama; evitar ataques de peones que creen debilidades.",Piezas: La dama blanca es activa pero vulnerable. Los caballos negros ganan valor si atacan d4 y e4. Rupturas: d4 y e5. El control de d5 decide si las blancas conservan espacio. Mini ejercicio: La jugada negra más lógica es ...Cf6: desarrolla y obliga a la dama a justificar su posición.,ESC-S05 · Parte VIII
ESC-S06,estructura,Cadena blanca e5 frente a c6-d5,Parte VIII · Seis estructuras de peones,e2e4 e7e5 g1f3 b8c6 d2d4 e5d4 f3d4 f8b4 c2c3 b4e7 d4c6 b7c6 f1d3 d7d5 e1g1 g8f6 e4e5 f6d7,r1bqk2r/p1pnbppp/2p5/3pP3/8/2PB4/PP3PPP/RNBQ1RK1 w kq - 1 10,blancas,"El peón e5 gana espacio y restringe f6, mientras el centro negro c6-d5 busca romper con ...c5 o ...f6.",intermedio,"Sostener e5, jugar Te1 y preparar c4 o f4 solo después de completar el desarrollo.",Atacar la base e5 con ...f6 y usar ...c5 para cuestionar d4. El caballo puede maniobrar c5-e6.,"Piezas: El alfil blanco d3 mira h7; el caballo negro d7 necesita c5 o f8 para no quedar pasivo. Rupturas: f6, e5 y c5. Las rupturas ...f6 y ...c5 no deben jugarse sin respaldo. Mini ejercicio: Antes de 12...f6, negras deben enrocar; abrir la columna f con el rey en e8 sería arriesgado.",ESC-S06 · Parte VIII
ESC-M01-P1,parada_modelo,Construcción estructural contra 4...Cf6 · Parada 1,Parte X · Tres partidas modelo,e2e4 e7e5 g1f3 b8c6 d2d4 e5d4,r1bqkbnr/pppp1ppp/2n5/8/3pP3/5N2/PPP2PPP/RNBQKB1R w KQkq - 0 4,blancas,¿Por qué 4.Cxd4 es preferible a 4.Dxd4?,intermedio,Recuperar con Cxd4 y conservar el desarrollo fluido.,Jugar ...Cf6 o ...Ac5 atacando el centro con una pieza nueva.,"La tensión e4-e5 desapareció y la columna d quedó abierta. Las blancas deben recuperar sin exponer la dama. Alternativa inferior: 4.Dxd4?! permite ...Cc6 con ganancia de tiempo. Lección: En centro abierto, recuperar desarrollando vale más que centralizar la dama.",ESC-M01-P1 · Parte X
ESC-M01-P2,parada_modelo,Construcción estructural contra 4...Cf6 · Parada 2,Parte X · Tres partidas modelo,e2e4 e7e5 g1f3 b8c6 d2d4 e5d4 f3d4 g8f6 d4c6 b7c6,r1bqkb1r/p1pp1ppp/2p2n2/8/4P3/8/PPP2PPP/RNBQKB1R w KQkq - 0 6,blancas,¿Qué compensación reciben las negras por los peones c6-c7?,intermedio,"Ad3, O-O y presión sobre c6/d5.","...d5, ...Ae7 y actividad de alfiles antes de que c6 sea fijado.",El caballo c6 desapareció y la columna b quedó semiabierta; las negras conservan ambos alfiles. Alternativa inferior: 6.Ab5?! repite movimientos y no impide ...d5. Lección: Una debilidad estructural solo importa si puede atacarse sin perder tiempos.,ESC-M01-P2 · Parte X
ESC-M01-P3,parada_modelo,Construcción estructural contra 4...Cf6 · Parada 3,Parte X · Tres partidas modelo,e2e4 e7e5 g1f3 b8c6 d2d4 e5d4 f3d4 g8f6 d4c6 b7c6 f1d3 d7d5 e4d5 c6d5,r1bqkb1r/p1p2ppp/5n2/3p4/8/3B4/PPP2PPP/RNBQK2R w KQkq - 0 8,blancas,¿Debe el blanco atacar d5 inmediatamente con piezas pesadas?,intermedio,"Enrocar y luego Te1, Cc3/Cd2 y Df3.","Desarrollar ...Ae7, enrocar y preparar ...c5 o ...d4.",El peón c6 se transformó en un peón aislado en d5 y abrió líneas para las piezas negras. Alternativa inferior: 8.Df3?! deja el rey en e1 y permite ...Ag4. Lección: Primero seguridad; después presión sobre el objetivo.,ESC-M01-P3 · Parte X
ESC-M01-P4,parada_modelo,Construcción estructural contra 4...Cf6 · Parada 4,Parte X · Tres partidas modelo,e2e4 e7e5 g1f3 b8c6 d2d4 e5d4 f3d4 g8f6 d4c6 b7c6 f1d3 d7d5 e4d5 c6d5 e1g1 f8e7 f1e1 e8g8 b1d2 c7c5,r1bq1rk1/p3bppp/5n2/2pp4/8/3B4/PPPN1PPP/R1BQR1K1 w - c6 0 11,blancas,¿Cómo debe responder el blanco al contrajuego ...c5?,intermedio,b3 y Ab2 para aumentar el control de d4/e5.,"...Te8, ...Ae6 y ...d4 si c4 no está controlada.",Las negras atacan d4 y preparan el avance ...d4; el caballo b1 ya se desarrolló a d2. Alternativa inferior: 11.c4?! puede permitir ...d4 con una casilla e4 fuerte. Lección: No se combate un peón móvil solo con capturas; también con control de la casilla de avance.,ESC-M01-P4 · Parte X
ESC-M01-P5,parada_modelo,Construcción estructural contra 4...Cf6 · Parada 5,Parte X · Tres partidas modelo,e2e4 e7e5 g1f3 b8c6 d2d4 e5d4 f3d4 g8f6 d4c6 b7c6 f1d3 d7d5 e4d5 c6d5 e1g1 f8e7 f1e1 e8g8 b1d2 c7c5 b2b3 f8e8 c1b2 c8e6 d1f3 a8c8 a1d1 d5d4 d2c4 e6d5,2rqr1k1/p3bppp/5n2/2pb4/2Np4/1P1B1Q2/PBP2PPP/3RR1K1 w - - 2 16,blancas,¿Por qué 15.Cc4 es una jugada de bloqueo activa?,intermedio,"Bloquear, atacar d6/e5 y preparar Dg3 o Ac1.",...Ad5 y ...Ce4 para usar el espacio ganado.,El peón negro avanzó a d4; la casilla c4 se convirtió en puesto avanzado para el caballo blanco. Alternativa inferior: 15.Cf1?! cede c4 y permite ...d3 con mayor libertad. Lección: El mejor bloqueo combina freno del peón y actividad contra otros puntos.,ESC-M01-P5 · Parte X
ESC-M02-P1,parada_modelo,Castigo de la dama codiciosa con 4...Dh4?! · Parada 1,Parte X · Tres partidas modelo,e2e4 e7e5 g1f3 b8c6 d2d4 e5d4 f3d4 d8h4,r1b1kbnr/pppp1ppp/2n5/8/3NP2q/8/PPP2PPP/RNBQKB1R w KQkq - 1 5,blancas,¿Qué defecto tiene 4...Dh4 aunque ataque e4?,intermedio,"5.Cb5 amenaza Cxc7+, un tenedor de rey y torre; después Ae2, O-O y C1c3 completan la movilización.",Evitar 5...Dxe4+; retirar la dama o desarrollar una pieza para sostener c7 y conservar el enroque.,"La dama negra sale antes que los caballos y el rey. 5.Cb5 amenaza Cxc7+, un tenedor de rey y torre a8. Alternativa inferior: 5.Cxc6?! dxc6 no castiga la pérdida de tiempos de la dama. Lección: una amenaza de dama no compensa el abandono del desarrollo.",ESC-M02-P1 · Parte X
ESC-M02-P2,parada_modelo,Castigo de la dama codiciosa con 4...Dh4?! · Parada 2,Parte X · Tres partidas modelo,e2e4 e7e5 g1f3 b8c6 d2d4 e5d4 f3d4 d8h4 d4b5 h4e4 f1e2 e8d8,r1bk1bnr/pppp1ppp/2n5/1N6/4q3/8/PPP1BPPP/RNBQK2R w KQ - 2 7,blancas,¿Qué gana el blanco con 6.Ae2 además de tapar el jaque?,intermedio,"Desarrollar Ae2, enrocar y traer el segundo caballo a c3.",Buscar una casilla segura para el rey y devolver material si es necesario.,La dama capturó e4 con jaque y el rey negro perdió el derecho práctico a enrocar. Alternativa inferior: 6.Rd2? bloquea la dama y deja las torres desconectadas. Lección: Responder a un jaque con desarrollo convierte la defensa en iniciativa.,ESC-M02-P2 · Parte X
ESC-M02-P3,parada_modelo,Castigo de la dama codiciosa con 4...Dh4?! · Parada 3,Parte X · Tres partidas modelo,e2e4 e7e5 g1f3 b8c6 d2d4 e5d4 f3d4 d8h4 d4b5 h4e4 f1e2 e8d8 e1g1 a7a6 b1c3 e4g6 b5c7 d8c7,r1b2bnr/1pkp1ppp/p1n3q1/8/8/2N5/PPP1BPPP/R1BQ1RK1 w - - 0 10,blancas,¿Por qué 9.Cxc7 es más fuerte que salvar el caballo b5?,intermedio,"9.Cxc7 no da jaque, pero ataca la torre a8 y obliga al rey de d8 a recapturar; entonces 10.Cd5+ desarrolla el otro caballo con tiempo.","9...Rxc7 evita perder la torre a8, aunque expone al rey en c7 y permite 10.Cd5+.","Tras 9...Rxc7, el rey negro queda expuesto y el segundo caballo dispone de 10.Cd5+. La torre a8 se convertirá en objetivo cuando ese caballo llegue después a c7 con jaque. Alternativa inferior: 9.Ca3?! salva el caballo pero devuelve la iniciativa. Lección: una incursión solo se justifica si existe una continuación forzante.",ESC-M02-P3 · Parte X
ESC-M02-P4,parada_modelo,Castigo de la dama codiciosa con 4...Dh4?! · Parada 4,Parte X · Tres partidas modelo,e2e4 e7e5 g1f3 b8c6 d2d4 e5d4 f3d4 d8h4 d4b5 h4e4 f1e2 e8d8 e1g1 a7a6 b1c3 e4g6 b5c7 d8c7 c3d5 c7d8 c1e3 g8f6 e3b6 d8e8 d5c7 e8e7,r1b2b1r/1pNpkppp/pBn2nq1/8/8/8/PPP1BPPP/R2Q1RK1 w - - 8 14,blancas,¿Qué objetivo concreto persigue 13.Cc7+?,intermedio,Obligar al rey a e7 y capturar la torre a8.,"Tras 13...Re7, abrir el centro con ...d5 para limitar la salida del caballo que irá a a8.","El alfil b6 y el caballo d5 coordinan jaques; 13.Cc7+ obliga al rey a moverse y permite 14.Cxa8. Alternativa inferior: 13.Cxf6+?! Dxf6 permite a las negras reorganizarse. Lección: antes de cobrar material, hay que prever la ruta de regreso de la pieza atacante.",ESC-M02-P4 · Parte X
ESC-M02-P5,parada_modelo,Castigo de la dama codiciosa con 4...Dh4?! · Parada 5,Parte X · Tres partidas modelo,e2e4 e7e5 g1f3 b8c6 d2d4 e5d4 f3d4 d8h4 d4b5 h4e4 f1e2 e8d8 e1g1 a7a6 b1c3 e4g6 b5c7 d8c7 c3d5 c7d8 c1e3 g8f6 e3b6 d8e8 d5c7 e8e7 c7a8 d7d5 f1e1 c8e6 a8c7 e7d7 c7e6 f7e6,5b1r/1p1k2pp/pBn1pnq1/3p4/8/8/PPP1BPPP/R2QR1K1 w - - 0 18,blancas,¿Por qué 17.Cxe6 es mejor que retirar el caballo?,intermedio,17.Cxe6 no da jaque: elimina el alfil que sostiene d5 y obliga al peón f a recapturar; después c4 ataca la base central.,"17...fxe6 recaptura y mantiene material, pero debilita e6 y la cobertura del rey; la respuesta activa es ...d4 tras c4.","El caballo de c7 ataca el alfil e6, que sostiene d5. 17.Cxe6 elimina ese defensor y obliga ...fxe6, debilitando e6 y la cobertura del rey. Alternativa inferior: 17.Ca8?! conserva el caballo, pero lo deja fuera de juego y permite que el alfil consolide d5. Lección: cambiar una pieza atacante puede ser correcto si deteriora la coordinación rival.",ESC-M02-P5 · Parte X
ESC-M03-P1,parada_modelo,Transición estratégica tras 4...Ab4+ · Parada 1,Parte X · Tres partidas modelo,e2e4 e7e5 g1f3 b8c6 d2d4 e5d4 f3d4 f8b4,r1bqk1nr/pppp1ppp/2n5/8/1b1NP3/8/PPP2PPP/RNBQKB1R w KQkq - 1 5,blancas,¿Cómo se responde a 4...Ab4+ sin debilitar el rey?,intermedio,"5.c3, que bloquea, sostiene d4 y obliga al alfil a decidir.",Retirarse a e7 o c5 y completar desarrollo.,El alfil negro da jaque desde b4 y busca provocar una concesión. Alternativa inferior: 5.Cc3?! permite ...Cf6 y una clavada incómoda sobre el caballo d4. Lección: Un bloqueo útil debe cumplir más de una función.,ESC-M03-P1 · Parte X
ESC-M03-P2,parada_modelo,Transición estratégica tras 4...Ab4+ · Parada 2,Parte X · Tres partidas modelo,e2e4 e7e5 g1f3 b8c6 d2d4 e5d4 f3d4 f8b4 c2c3 b4e7 d4c6 b7c6,r1bqk1nr/p1ppbppp/2p5/8/4P3/2P5/PP3PPP/RNBQKB1R w KQkq - 0 7,blancas,¿Qué plan nace tras 6...bxc6?,intermedio,"Ad3, O-O y e5 si ...d5 abre una casilla de avance.",...d5 para liberar el alfil c8 y recuperar tiempo de desarrollo.,"La estructura c6-c7 aparece, pero el alfil negro ha perdido dos tiempos. Alternativa inferior: 7.e5?! sin enrocar permite ...De7 y presión sobre e5. Lección: El espacio central vale más cuando el rey ya puede ponerse a salvo.",ESC-M03-P2 · Parte X
ESC-M03-P3,parada_modelo,Transición estratégica tras 4...Ab4+ · Parada 3,Parte X · Tres partidas modelo,e2e4 e7e5 g1f3 b8c6 d2d4 e5d4 f3d4 f8b4 c2c3 b4e7 d4c6 b7c6 f1d3 d7d5 e1g1 g8f6 e4e5 f6d7,r1bqk2r/p1pnbppp/2p5/3pP3/8/2PB4/PP3PPP/RNBQ1RK1 w kq - 1 10,blancas,¿Por qué 9.e5 es apropiado en esta posición?,intermedio,"Te1, Ac2 y Cd2-f3 para sostener la cadena.","Cd7, ...Cc5 y ...f6 contra la base e5.",Las negras han jugado ...Cf6 y el rey blanco está enrocado; e5 gana espacio con apoyo. Alternativa inferior: 9.exd5?! cxd5 devuelve a las negras un centro activo sin obligarlas a retroceder. Lección: Avanzar con tiempo es fuerte cuando expulsa una pieza y fija un plan rival.,ESC-M03-P3 · Parte X
ESC-M03-P4,parada_modelo,Transición estratégica tras 4...Ab4+ · Parada 4,Parte X · Tres partidas modelo,e2e4 e7e5 g1f3 b8c6 d2d4 e5d4 f3d4 f8b4 c2c3 b4e7 d4c6 b7c6 f1d3 d7d5 e1g1 g8f6 e4e5 f6d7 f1e1 d7c5 d3c2 e8g8 b1d2 f7f6,r1bq1rk1/p1p1b1pp/2p2p2/2npP3/8/2P5/PPBN1PPP/R1BQR1K1 w - - 0 13,blancas,¿Qué debe comprobar el negro antes de 12...f6?,intermedio,"Cf3 y h3, reforzando e5 y preguntando al alfil.",Abrir f-file solo si la torre puede recapturar y el rey no queda expuesto.,Ambos reyes están seguros y el caballo blanco aún no ha llegado a f3. Alternativa inferior: 12...Ag4?! sin ...f6 permite Cf3 y las blancas consolidan e5. Lección: Una ruptura debe tener una pieza preparada para ocupar la línea que abre.,ESC-M03-P4 · Parte X
ESC-M03-P5,parada_modelo,Transición estratégica tras 4...Ab4+ · Parada 5,Parte X · Tres partidas modelo,e2e4 e7e5 g1f3 b8c6 d2d4 e5d4 f3d4 f8b4 c2c3 b4e7 d4c6 b7c6 f1d3 d7d5 e1g1 g8f6 e4e5 f6d7 f1e1 d7c5 d3c2 e8g8 b1d2 f7f6 d2f3 c8g4 h2h3 g4h5 b2b4 c5e6 e5f6 f8f6,r2q2k1/p1p1b1pp/2p1nr2/3p3b/1P6/2P2N1P/P1B2PP1/R1BQR1K1 w - - 0 17,blancas,¿Qué cambia tras 16...Txf6?,intermedio,"Dd3, De2 y Ae3, cambiando la pieza más activa si es posible.","Ag6, Ad6 y presión sobre h2/g2.","El peón e5 desaparece; la torre negra queda activa en f6 y la estructura c6 sigue siendo un objetivo. Alternativa inferior: 17.Axh7+? Rxh7 entrega un alfil sin continuación porque la dama aún no participa. Lección: Cuando el rival activa una torre, cambiar su apoyo puede ser más eficaz que atacarla directamente.",ESC-M03-P5 · Parte X
ESC-E01,ejercicio,Ruptura central · ¿Qué ruptura blanca aprovecha mejor el desarrollo de Cf3?,Parte XIII,e2e4 e7e5 g1f3 b8c6,r1bqkbnr/pppp1ppp/2n5/4p3/4P3/5N2/PPPP1PPP/RNBQKB1R w KQkq - 2 3,blancas,¿Qué ruptura blanca aprovecha mejor el desarrollo de Cf3?,Básico,Candidata o respuesta esperada: 3.d4,"Mejor recurso rival incluido en la solución: 3.Ac4 y 3.Ab5 son buenas aperturas, pero aquí el repertorio busca 3.d4 para obligar a decidir el centro. Además, d4 obliga a las negras a aclarar e5 antes de completar ...Cf6 y ...Ac5; por eso convierte el tiempo de ventaja en una decisión central.","Pista: Revisa centro, desarrollo y amenaza rival. Error típico: 3.f3? debilita e3 y no desarrolla. Referencias: ESC-P02; repertorio práctico",ESC-E01 · Parte XIII
ESC-E02,ejercicio,"Desarrollo con tempo · Tras 3...exd4, ¿con qué pieza conviene recuperar?",Parte XIII,e2e4 e7e5 g1f3 b8c6 d2d4 e5d4,r1bqkbnr/pppp1ppp/2n5/8/3pP3/5N2/PPP2PPP/RNBQKB1R w KQkq - 0 4,blancas,"Tras 3...exd4, ¿con qué pieza conviene recuperar?",Básico,Candidata o respuesta esperada: 4.Cxd4,"Mejor recurso rival incluido en la solución: El caballo recupera el peón y gana una casilla central sin exponer la dama. 4.Dxd4 permite ...Cc6 con tiempo. Desde d4 el caballo controla c6, e6, f5 y b5; la dama queda libre para coordinarse y no ofrece al rival una jugada de desarrollo con ataque.","Pista: Revisa centro, desarrollo y amenaza rival. Error típico: 4.Dxd4?! mueve la dama demasiado pronto. Referencias: ESC-P03; repertorio práctico",ESC-E02 · Parte XIII
ESC-E03,ejercicio,Estructura c6-c7 · ¿Qué jugada crea una asimetría estable contra 4...Cf6?,Parte XIII,e2e4 e7e5 g1f3 b8c6 d2d4 e5d4 f3d4 g8f6,r1bqkb1r/pppp1ppp/2n2n2/8/3NP3/8/PPP2PPP/RNBQKB1R w KQkq - 1 5,blancas,¿Qué jugada crea una asimetría estable contra 4...Cf6?,Básico,Candidata o respuesta esperada: 5.Cxc6,"Mejor recurso rival incluido en la solución: El cambio elimina al defensor c6 y obliga ...bxc6; después las blancas pueden atacar c6/d5. 5.Cc3 es jugable, pero conserva una posición más simétrica. El cambio no busca ganar c6 inmediatamente: crea una estructura que solo será favorable si las blancas desarrollan Ad3, enrocan y vigilan la ruptura ...d5.","Pista: Revisa centro, desarrollo y amenaza rival. Error típico: 5.e5? puede ser prematura sin conocer ...Cxe4 o ...De7. Referencias: ESC-P04; repertorio práctico",ESC-E03 · Parte XIII
ESC-E04,ejercicio,Compensación estructural · ¿Qué recibe el negro a cambio de los peones doblados?,Parte XIII,e2e4 e7e5 g1f3 b8c6 d2d4 e5d4 f3d4 g8f6 d4c6 b7c6,r1bqkb1r/p1pp1ppp/2p2n2/8/4P3/8/PPP2PPP/RNBQKB1R w KQkq - 0 6,blancas,¿Qué recibe el negro a cambio de los peones doblados?,Básico,Candidata o respuesta esperada: Pareja de alfiles y columna b,"Mejor recurso rival incluido en la solución: Los peones c6-c7 son objetivos, pero ...bxc6 abre la columna b y conserva ambos alfiles. No existe ganancia automática para las blancas. La compensación negra es dinámica, no material: dos alfiles, columna b y posibilidad de ...d5. El blanco debe impedir que esa actividad elimine la debilidad.","Pista: Revisa centro, desarrollo y amenaza rival. Error típico: Creer que c6 se gana sin completar desarrollo. Referencias: ESC-P05; repertorio práctico",ESC-E04 · Parte XIII
ESC-E05,ejercicio,Transformación del centro · ¿Qué decisión central es más clara tras 6...d5?,Parte XIII,e2e4 e7e5 g1f3 b8c6 d2d4 e5d4 f3d4 g8f6 d4c6 b7c6 f1d3 d7d5,r1bqkb1r/p1p2ppp/2p2n2/3p4/4P3/3B4/PPP2PPP/RNBQK2R w KQkq d6 0 7,blancas,¿Qué decisión central es más clara tras 6...d5?,Básico,Candidata o respuesta esperada: 7.exd5,"Mejor recurso rival incluido en la solución: La captura obliga al peón c6 a ir a d5, creando un objetivo aislado. 7.e5 gana espacio, pero permite ...Cd7 y ...c5 con juego más complejo. Tras exd5 y ...cxd5, el objetivo queda definido. Mantener la tensión permitiría ...dxe4 o ...d4 en condiciones más cómodas para las negras.","Pista: Revisa centro, desarrollo y amenaza rival. Error típico: 7.O-O? no es mala, pero deja a negras elegir ...dxe4. Referencias: ESC-P06; repertorio práctico",ESC-E05 · Parte XIII
ESC-E06,ejercicio,"Seguridad del rey · Antes de presionar d5, ¿qué debe hacer el blanco?",Parte XIII,e2e4 e7e5 g1f3 b8c6 d2d4 e5d4 f3d4 g8f6 d4c6 b7c6 f1d3 d7d5 e4d5 c6d5,r1bqkb1r/p1p2ppp/5n2/3p4/8/3B4/PPP2PPP/RNBQK2R w KQkq - 0 8,blancas,"Antes de presionar d5, ¿qué debe hacer el blanco?",Básico,Candidata o respuesta esperada: 8.O-O,"Mejor recurso rival incluido en la solución: Con el centro abierto, el rey seguro es prioritario. 8.Df3?! aumenta presión, pero permite ...Ag4 y mantiene el rey en e1. El enroque activa la torre de f1 y evita que ...Ag4 o ...d4 abran líneas contra e1. La presión sobre d5 puede esperar un movimiento.","Pista: Revisa centro, desarrollo y amenaza rival. Error típico: 8.Ab5+?! es un jaque sin mejora real. Referencias: ESC-P07; repertorio práctico",ESC-E06 · Parte XIII
ESC-E07,ejercicio,Peor pieza concreta · ¿Cuál es la pieza blanca menos desarrollada?,Parte XIII,e2e4 e7e5 g1f3 b8c6 d2d4 e5d4 f3d4 g8f6 d4c6 b7c6 f1d3 d7d5 e4d5 c6d5 e1g1 f8e7 f1e1 e8g8,r1bq1rk1/p1p1bppp/5n2/3p4/8/3B4/PPP2PPP/RNBQR1K1 w - - 4 10,blancas,¿Cuál es la pieza blanca menos desarrollada?,Básico,Candidata o respuesta esperada: El caballo b1; 10.Cd2,Mejor recurso rival incluido en la solución: La torre ya está activa y el rey seguro. Cd2 prepara c4/f3 y deja libre el peón c para otras decisiones. Cd2 no es pasivo: prepara c4 para bloquear d5 y libera c1 para el alfil. Desarrollar la peor pieza mejora todo el plan blanco.,"Pista: Revisa centro, desarrollo y amenaza rival. Error típico: 10.Df3?! repite la idea de presión sin completar desarrollo. Referencias: ESC-P09; repertorio práctico",ESC-E07 · Parte XIII
ESC-E08,ejercicio,Control de la casilla d4 · ¿Cómo responder a 10...c5 sin apresurarse a capturar?,Parte XIII,e2e4 e7e5 g1f3 b8c6 d2d4 e5d4 f3d4 g8f6 d4c6 b7c6 f1d3 d7d5 e4d5 c6d5 e1g1 f8e7 f1e1 e8g8 b1d2 c7c5,r1bq1rk1/p3bppp/5n2/2pp4/8/3B4/PPPN1PPP/R1BQR1K1 w - c6 0 11,blancas,¿Cómo responder a 10...c5 sin apresurarse a capturar?,Básico,Candidata o respuesta esperada: 11.b3,"Mejor recurso rival incluido en la solución: b3 prepara Ab2 contra d4/e5 y sostiene la coordinación. 11.c4?! fija el centro, pero puede ceder d4 a las negras. b3 controla c4, prepara Ab2 y responde a ...d4 desde una diagonal larga. c4 inmediato puede fijar d4 como casilla fuerte para el peón negro.","Pista: Revisa centro, desarrollo y amenaza rival. Error típico: 11.Cf5?! permite ...Axf5. Referencias: ESC-P10; repertorio práctico",ESC-E08 · Parte XIII
ESC-E09,ejercicio,Plan rival · ¿Cuál es la ruptura liberadora principal de las negras?,Parte XIII,e2e4 e7e5 g1f3 b8c6 d2d4 e5d4 f3d4 f8c5 c1e3 d8f6 c2c3 g8e7,r1b1k2r/ppppnppp/2n2q2/2b5/3NP3/2P1B3/PP3PPP/RN1QKB1R w KQkq - 1 7,blancas,¿Cuál es la ruptura liberadora principal de las negras?,Básico,Candidata o respuesta esperada: ...d5,"Mejor recurso rival incluido en la solución: En la Clásica, ...d5 desafía el caballo d4 y abre el alfil c8. Las blancas deben enrocar y calcular capturas. ...d5 libera el alfil de c8 y cuestiona e4. Si el blanco la ignora, las negras resuelven su principal problema de apertura con una sola jugada.","Pista: Revisa centro, desarrollo y amenaza rival. Error típico: ...f5? debilita el rey antes de enrocar. Referencias: ESC-S04; repertorio práctico",ESC-E09 · Parte XIII
ESC-E10,ejercicio,"Defensa activa · Contra 4...Ac5, ¿qué desarrollo protege el caballo d4?",Parte XIII,e2e4 e7e5 g1f3 b8c6 d2d4 e5d4 f3d4 f8c5,r1bqk1nr/pppp1ppp/2n5/2b5/3NP3/8/PPP2PPP/RNBQKB1R w KQkq - 1 5,blancas,"Contra 4...Ac5, ¿qué desarrollo protege el caballo d4?",Básico,Candidata o respuesta esperada: 5.Ae3,"Mejor recurso rival incluido en la solución: Ae3 interpone una pieza y prepara c3. 5.Cb3 es sólido, pero concede parte de la iniciativa central. Ae3 añade un defensor a d4 y desarrolla el alfil. Cb3 retira una pieza activa y permite a las negras completar el desarrollo sin nuevas dificultades.","Pista: Revisa centro, desarrollo y amenaza rival. Error típico: 5.Cxc6?! puede entregar la tensión sin obtener el plan deseado. Referencias: ESC-X01; repertorio práctico",ESC-E10 · Parte XIII
ESC-E11,ejercicio,Ataque a c7 · ¿Qué recurso castiga la salida temprana 4...Dh4?!,Parte XIII,e2e4 e7e5 g1f3 b8c6 d2d4 e5d4 f3d4 d8h4,r1b1kbnr/pppp1ppp/2n5/8/3NP2q/8/PPP2PPP/RNBQKB1R w KQkq - 1 5,blancas,¿Qué recurso castiga la salida temprana 4...Dh4?!,Básico,Candidata o respuesta esperada: 5.Cb5,"Mejor recurso rival incluido en la solución: 5.Cb5 amenaza Cxc7+, un tenedor de rey y torre, y aprovecha que la dama no ha contribuido al desarrollo. Cb5 es fuerte porque c7 está unido a la torre a8 y la dama negra ha perdido tiempo. Sin esa doble condición, el salto sería solo una excursión lateral.","Pista: Revisa centro, desarrollo y amenaza rival. Error típico: 5.g3?! debilita casillas y permite ...Dxe4+. Referencias: ESC-M02-P1; repertorio práctico",ESC-E11 · Parte XIII
ESC-E12,ejercicio,Respuesta al jaque · ¿Cómo bloquear 4...Ab4+ de forma útil?,Parte XIII,e2e4 e7e5 g1f3 b8c6 d2d4 e5d4 f3d4 f8b4,r1bqk1nr/pppp1ppp/2n5/8/1b1NP3/8/PPP2PPP/RNBQKB1R w KQkq - 1 5,blancas,¿Cómo bloquear 4...Ab4+ de forma útil?,Básico,Candidata o respuesta esperada: 5.c3,"Mejor recurso rival incluido en la solución: c3 corta el jaque, sostiene d4 y obliga al alfil a retirarse. 5.Cc3 bloquea, pero permite una clavada sobre el caballo d4. c3 no solo corta el jaque: sostiene d4 y obliga al alfil a decidir. El caballo b1 irá después por d2, de modo que la estructura sigue siendo coherente.","Pista: Revisa centro, desarrollo y amenaza rival. Error típico: 5.Ad2?! desarrolla, pero cambia un alfil útil sin ganar espacio. Referencias: ESC-M03-P1; repertorio práctico",ESC-E12 · Parte XIII
ESC-E13,ejercicio,Ataque a la base · ¿Qué ruptura debe preparar el negro contra la cadena e5?,Parte XIII,e2e4 e7e5 g1f3 b8c6 d2d4 e5d4 f3d4 f8b4 c2c3 b4e7 d4c6 b7c6 f1d3 d7d5 e1g1 g8f6 e4e5 f6d7,r1bqk2r/p1pnbppp/2p5/3pP3/8/2PB4/PP3PPP/RNBQ1RK1 w kq - 1 10,blancas,¿Qué ruptura debe preparar el negro contra la cadena e5?,Básico,Candidata o respuesta esperada: ...f6,"Mejor recurso rival incluido en la solución: La base de la cadena es e5. Tras enrocar, ...f6 cuestiona ese peón y activa la torre f8 si se abre la columna. ...f6 ataca la base e5 y abre la columna f. El blanco debe comprobar si exf6 deja una pieza negra activa o si conviene mantener la tensión.","Pista: Revisa centro, desarrollo y amenaza rival. Error típico: ...g5? crea debilidades sin atacar la base. Referencias: ESC-S06; repertorio práctico",ESC-E13 · Parte XIII
ESC-E14,ejercicio,Bloqueo activo · ¿Qué casilla de bloqueo busca el caballo blanco?,Parte XIII,e2e4 e7e5 g1f3 b8c6 d2d4 e5d4 f3d4 g8f6 d4c6 b7c6 f1d3 d7d5 e4d5 c6d5,r1bqkb1r/p1p2ppp/5n2/3p4/8/3B4/PPP2PPP/RNBQK2R w KQkq - 0 8,blancas,¿Qué casilla de bloqueo busca el caballo blanco?,Básico,Candidata o respuesta esperada: c4,Mejor recurso rival incluido en la solución: Un caballo en c4 frena d4 y ataca d6/e5. Bloquear con una pieza pasiva en d3 no genera contrajuego. Cc4 bloquea d5 desde una casilla activa y controla d6 y e5. El bloqueo funciona porque el caballo no puede ser expulsado inmediatamente por un peón.,"Pista: Revisa centro, desarrollo y amenaza rival. Error típico: Atacar d5 solo con la dama. Referencias: ESC-S03; repertorio práctico",ESC-E14 · Parte XIII
ESC-E15,ejercicio,"Control final · Antes de mover, ¿qué avance negro debe calcular el blanco?",Parte XIII,e2e4 e7e5 g1f3 b8c6 d2d4 e5d4 f3d4 g8f6 d4c6 b7c6 f1d3 d7d5 e4d5 c6d5 e1g1 f8e7 f1e1 e8g8 b1d2 c7c5 b2b3 f8e8 c1b2 c8e6,r2qr1k1/p3bppp/4bn2/2pp4/8/1P1B4/PBPN1PPP/R2QR1K1 w - - 3 13,blancas,"Antes de mover, ¿qué avance negro debe calcular el blanco?",Básico,Candidata o respuesta esperada: ...d4,"Mejor recurso rival incluido en la solución: La estructura y las piezas negras apuntan a ...d4. Las candidatas blancas deben responder a ese avance, en especial Df3, c4 o Cf3. Antes de mover, el blanco debe responder a ...d4 con una pieza o cambiar la tensión. Df3 y Cc4 son candidatas porque atacan el peón y mejoran coordinación.","Pista: Revisa centro, desarrollo y amenaza rival. Error típico: Jugar 13.Dg4?! sin mirar ...d4. Referencias: ESC-P12; repertorio práctico",ESC-E15 · Parte XIII
ESC-E16,ejercicio,Reconocer · ¿Qué tipo de centro aparece y qué piezas ganan valor?,Ampliación D,e2e4 e7e5 g1f3 b8c6 d2d4 e5d4 f3d4,r1bqkbnr/pppp1ppp/2n5/8/3NP3/8/PPP2PPP/RNBQKB1R b KQkq - 0 4,negras,¿Qué tipo de centro aparece y qué piezas ganan valor?,Reconocer,Analizar la respuesta blanca antes de decidir.,"Mejor recurso rival incluido en la solución: La desaparición del peón e negro y del peón d blanco abre columnas y diagonales. Los alfiles y torres se activan; por eso la prioridad es desarrollar y enrocar, no mover peones de flanco.",Pista: Genera dos candidatas concretas y calcula la mejor respuesta rival. Error típico: Llamarlo centro cerrado por ver un caballo en d4. Referencias: ESC-S01; ESC-M01-P1,ESC-E16 · Ampliación D
ESC-E17,ejercicio,Reconocer · ¿Cuál es la debilidad negra y cuál es su compensación?,Ampliación D,e2e4 e7e5 g1f3 b8c6 d2d4 e5d4 f3d4 g8f6 d4c6 b7c6,r1bqkb1r/p1pp1ppp/2p2n2/8/4P3/8/PPP2PPP/RNBQKB1R w KQkq - 0 6,blancas,¿Cuál es la debilidad negra y cuál es su compensación?,Reconocer,Candidata o respuesta esperada: c6 es objetivo; alfiles y columna b compensan,"Mejor recurso rival incluido en la solución: El peón c6 puede fijarse, pero la recaptura ...bxc6 abre b-file y conserva la pareja de alfiles. Blancas deben impedir ...d5 sin perder tiempos.",Pista: Genera dos candidatas concretas y calcula la mejor respuesta rival. Error típico: Suponer que los peones doblados pierden por sí solos. Referencias: ESC-S02; ESC-P05,ESC-E17 · Ampliación D
ESC-E18,ejercicio,Reconocer · ¿Qué define esta estructura después de ...cxd5?,Ampliación D,e2e4 e7e5 g1f3 b8c6 d2d4 e5d4 f3d4 g8f6 d4c6 b7c6 f1d3 d7d5 e4d5 c6d5,r1bqkb1r/p1p2ppp/5n2/3p4/8/3B4/PPP2PPP/RNBQK2R w KQkq - 0 8,blancas,¿Qué define esta estructura después de ...cxd5?,Reconocer,Candidata o respuesta esperada: Peón aislado negro en d5,"Mejor recurso rival incluido en la solución: El peón d5 da espacio y puede avanzar, pero carece de apoyo de otro peón. Blancas lo bloquean; negras buscan ...c5 y ...d4.",Pista: Genera dos candidatas concretas y calcula la mejor respuesta rival. Error típico: Cambiar todas las piezas sin controlar d4. Referencias: ESC-S03; ESC-M01,ESC-E18 · Ampliación D
ESC-E19,ejercicio,Reconocer · ¿Dónde está la base de la cadena blanca?,Ampliación D,e2e4 e7e5 g1f3 b8c6 d2d4 e5d4 f3d4 f8b4 c2c3 b4e7 d4c6 b7c6 f1d3 d7d5 e1g1 g8f6 e4e5 f6d7,r1bqk2r/p1pnbppp/2p5/3pP3/8/2PB4/PP3PPP/RNBQ1RK1 w kq - 1 10,blancas,¿Dónde está la base de la cadena blanca?,Reconocer,Candidata o respuesta esperada: e5,"Mejor recurso rival incluido en la solución: El peón e5 sostiene el espacio blanco y es atacable con ...f6. El negro no debe golpear la punta con ...g5, sino la base.",Pista: Genera dos candidatas concretas y calcula la mejor respuesta rival. Error típico: Confundir la casilla f6 con la base de la cadena. Referencias: ESC-S06; ESC-M03,ESC-E19 · Ampliación D
ESC-E20,ejercicio,Reconocer · ¿Qué problema práctico tiene la dama blanca en d4?,Ampliación D,e2e4 e7e5 g1f3 b8c6 d2d4 e5d4 f3d4 c6d4 d1d4,r1bqkbnr/pppp1ppp/8/8/3QP3/8/PPP2PPP/RNB1KB1R b KQkq - 0 5,negras,¿Qué problema práctico tiene la dama blanca en d4?,Reconocer,Analizar la respuesta blanca antes de decidir.,"Mejor recurso rival incluido en la solución: La dama es activa, pero una pieza menor puede atacarla mientras desarrolla. Blancas deben buscar una casilla estable y no defender e4 con más movimientos de dama.",Pista: Genera dos candidatas concretas y calcula la mejor respuesta rival. Error típico: Considerar toda centralización de dama como ventaja. Referencias: ESC-S05,ESC-E20 · Ampliación D
ESC-E21,ejercicio,Decidir · El negro juega 4...Ac5. Compare 5.Ae3 y 5.Cb3.,Ampliación D,e2e4 e7e5 g1f3 b8c6 d2d4 e5d4 f3d4 f8c5,r1bqk1nr/pppp1ppp/2n5/2b5/3NP3/8/PPP2PPP/RNBQKB1R w KQkq - 1 5,blancas,El negro juega 4...Ac5. Compare 5.Ae3 y 5.Cb3.,Decidir,Candidata o respuesta esperada: 5.Ae3,"Mejor recurso rival incluido en la solución: Ae3 protege d4, desarrolla y prepara c3. Cb3 evita la presión, pero mueve de nuevo el caballo y concede a negras un desarrollo cómodo.",Pista: Genera dos candidatas concretas y calcula la mejor respuesta rival. Error típico: 5.Cxc6 sin valorar ...dxc6 y pareja de alfiles. Referencias: ESC-S04,ESC-E21 · Ampliación D
ESC-E22,ejercicio,"Decidir · Tras ...Cge7, ¿qué jugada completa el esquema blanco?",Ampliación D,e2e4 e7e5 g1f3 b8c6 d2d4 e5d4 f3d4 f8c5 c1e3 d8f6 c2c3 g8e7 f1c4,r1b1k2r/ppppnppp/2n2q2/2b5/2BNP3/2P1B3/PP3PPP/RN1QK2R b KQkq - 2 7,negras,"Tras ...Cge7, ¿qué jugada completa el esquema blanco?",Decidir,Analizar la respuesta blanca antes de decidir.,"Mejor recurso rival incluido en la solución: Ac4 desarrolla con presión en f7 y deja el rey listo para O-O. 7.Cc2 es posible, pero retira el caballo antes de que sea necesario.",Pista: Genera dos candidatas concretas y calcula la mejor respuesta rival. Error típico: 7.f4?! abre el rey y deja e3 bajo presión. Referencias: ESC-S04; repertorio,ESC-E22 · Ampliación D
ESC-E23,ejercicio,"Decidir · Después de 5...bxc6, compare 6.Ad3 y 6.e5.",Ampliación D,e2e4 e7e5 g1f3 b8c6 d2d4 e5d4 f3d4 g8f6 d4c6 b7c6,r1bqkb1r/p1pp1ppp/2p2n2/8/4P3/8/PPP2PPP/RNBQKB1R w KQkq - 0 6,blancas,"Después de 5...bxc6, compare 6.Ad3 y 6.e5.",Decidir,Candidata o respuesta esperada: 6.Ad3,"Mejor recurso rival incluido en la solución: Ad3 desarrolla y conserva la opción de e5 o exd5. 6.e5 expulsa al caballo, pero exige conocer ...De7 y ...Cd5; para el nivel objetivo, el desarrollo primero es más robusto.",Pista: Genera dos candidatas concretas y calcula la mejor respuesta rival. Error típico: 6.Ab5 repite pieza sin impedir ...d5. Referencias: ESC-P05; ESC-S02,ESC-E23 · Ampliación D
ESC-E24,ejercicio,"Decidir · Tras 6...d5, compare 7.exd5 y 7.e5.",Ampliación D,e2e4 e7e5 g1f3 b8c6 d2d4 e5d4 f3d4 g8f6 d4c6 b7c6 f1d3 d7d5,r1bqkb1r/p1p2ppp/2p2n2/3p4/4P3/3B4/PPP2PPP/RNBQK2R w KQkq d6 0 7,blancas,"Tras 6...d5, compare 7.exd5 y 7.e5.",Decidir,Candidata o respuesta esperada: 7.exd5,"Mejor recurso rival incluido en la solución: exd5 conduce al peón c6 a d5 y crea un objetivo claro. e5 gana espacio, pero entrega a negras el plan ...Cd7, ...c5 y ...f6.",Pista: Genera dos candidatas concretas y calcula la mejor respuesta rival. Error típico: 7.Cc3?! permite ...dxe4 y cambia la estructura sin decisión propia. Referencias: ESC-P06; ESC-S03,ESC-E24 · Ampliación D
ESC-E25,ejercicio,"Decidir · Tras 10...c5, compare 11.b3 y 11.c4.",Ampliación D,e2e4 e7e5 g1f3 b8c6 d2d4 e5d4 f3d4 g8f6 d4c6 b7c6 f1d3 d7d5 e4d5 c6d5 e1g1 f8e7 f1e1 e8g8 b1d2 c7c5,r1bq1rk1/p3bppp/5n2/2pp4/8/3B4/PPPN1PPP/R1BQR1K1 w - c6 0 11,blancas,"Tras 10...c5, compare 11.b3 y 11.c4.",Decidir,Candidata o respuesta esperada: 11.b3,"Mejor recurso rival incluido en la solución: b3 desarrolla Ab2 y controla la casilla de avance d4. c4 fija el centro, pero deja d4 como puesto y puede bloquear al alfil c1.",Pista: Genera dos candidatas concretas y calcula la mejor respuesta rival. Error típico: 11.Cf3? abandona d2 sin resolver ...d4. Referencias: ESC-P10; ESC-M01-P4,ESC-E25 · Ampliación D
ESC-E26,ejercicio,Continuar · Encuentre una secuencia de tres jugadas para completar el desarrollo blanco.,Ampliación D,e2e4 e7e5 g1f3 b8c6 d2d4 e5d4 f3d4 g8f6 d4c6 b7c6 f1d3 d7d5 e4d5 c6d5 e1g1 f8e7 f1e1 e8g8 b1d2 c7c5,r1bq1rk1/p3bppp/5n2/2pp4/8/3B4/PPPN1PPP/R1BQR1K1 w - c6 0 11,blancas,Encuentre una secuencia de tres jugadas para completar el desarrollo blanco.,Continuar,Candidata o respuesta esperada: 11.b3 Te8 12.Ab2,"Mejor recurso rival incluido en la solución: b3 da una diagonal al alfil; ...Te8 aumenta presión central; Ab2 enfrenta el alfil al peón d4/d5. La secuencia responde al plan negro, no solo mejora piezas.",Pista: Genera dos candidatas concretas y calcula la mejor respuesta rival. Error típico: 11.c4 d4 12.Cf3 permite ...Ad6 con espacio. Referencias: ESC-M01-P4; ESC-P11,ESC-E26 · Ampliación D
ESC-E27,ejercicio,Continuar · El peón negro está en d4. ¿Cómo se bloquea activamente?,Ampliación D,e2e4 e7e5 g1f3 b8c6 d2d4 e5d4 f3d4 g8f6 d4c6 b7c6 f1d3 d7d5 e4d5 c6d5 e1g1 f8e7 f1e1 e8g8 b1d2 c7c5 b2b3 f8e8 c1b2 c8e6 d1f3 a8c8 a1d1 d5d4 d2c4 e6d5,2rqr1k1/p3bppp/5n2/2pb4/2Np4/1P1B1Q2/PBP2PPP/3RR1K1 w - - 2 16,blancas,El peón negro está en d4. ¿Cómo se bloquea activamente?,Continuar,Candidata o respuesta esperada: 15.Cc4,"Mejor recurso rival incluido en la solución: Cc4 frena d3, ataca d6/e5 y obliga al alfil e6 a decidir. 15.Cf1 deja c4 libre para una pieza negra y no presiona el centro.","Pista: Genera dos candidatas concretas y calcula la mejor respuesta rival. Error típico: 15.c4? fija el peón, pero puede permitir ...Ad6 y ...Ce4 con piezas blancas mal colocadas. Referencias: ESC-M01-P5; ESC-S03",ESC-E27 · Ampliación D
ESC-E28,ejercicio,"Continuar · Tras ...Rd8, encuentre la secuencia que pone todas las piezas blancas en juego.",Ampliación D,e2e4 e7e5 g1f3 b8c6 d2d4 e5d4 f3d4 d8h4 d4b5 h4e4 f1e2 e8d8,r1bk1bnr/pppp1ppp/2n5/1N6/4q3/8/PPP1BPPP/RNBQK2R w KQ - 2 7,blancas,"Tras ...Rd8, encuentre la secuencia que pone todas las piezas blancas en juego.",Continuar,Candidata o respuesta esperada: 7.O-O a6 8.C1c3,Mejor recurso rival incluido en la solución: O-O activa la torre y C1c3 suma presión en d5/c7. Salvar el caballo b5 primero permite a la dama negra reorganizarse.,Pista: Genera dos candidatas concretas y calcula la mejor respuesta rival. Error típico: 7.Ca3?! pierde la ocasión de enrocar con iniciativa. Referencias: ESC-M02-P2,ESC-E28 · Ampliación D
ESC-E29,ejercicio,"Continuar · Después de 9...Rxc7, ¿qué jaque mantiene la iniciativa?",Ampliación D,e2e4 e7e5 g1f3 b8c6 d2d4 e5d4 f3d4 d8h4 d4b5 h4e4 f1e2 e8d8 e1g1 a7a6 b1c3 e4g6 b5c7 d8c7,r1b2bnr/1pkp1ppp/p1n3q1/8/8/2N5/PPP1BPPP/R1BQ1RK1 w - - 0 10,blancas,"Después de 9...Rxc7, ¿qué jaque mantiene la iniciativa?",Continuar,Candidata o respuesta esperada: 10.Cd5+,"Mejor recurso rival incluido en la solución: 10.Cd5+ desarrolla el caballo c3 con jaque y obliga al rey a responder. 10.Af4+ también es legal, pero ...d6 corta la diagonal y facilita el desarrollo negro.",Pista: Genera dos candidatas concretas y calcula la mejor respuesta rival. Error típico: 10.Af4+?! no es jaque porque el alfil queda bloqueado por e3/d2. Referencias: ESC-M02-P3,ESC-E29 · Ampliación D
ESC-E30,ejercicio,"Continuar · Tras ...f6, ¿cómo refuerza el blanco e5 sin cerrar sus piezas?",Ampliación D,e2e4 e7e5 g1f3 b8c6 d2d4 e5d4 f3d4 f8b4 c2c3 b4e7 d4c6 b7c6 f1d3 d7d5 e1g1 g8f6 e4e5 f6d7 f1e1 d7c5 d3c2 e8g8 b1d2 f7f6,r1bq1rk1/p1p1b1pp/2p2p2/2npP3/8/2P5/PPBN1PPP/R1BQR1K1 w - - 0 13,blancas,"Tras ...f6, ¿cómo refuerza el blanco e5 sin cerrar sus piezas?",Continuar,Candidata o respuesta esperada: 13.Cf3,"Mejor recurso rival incluido en la solución: Cf3 defiende e5, prepara h3 y permite que la dama siga conectada con el centro. 13.exf6 entrega el espacio antes de obligar a las negras a recapturar con una pieza concreta.",Pista: Genera dos candidatas concretas y calcula la mejor respuesta rival. Error típico: 13.f4?! deja e3 y g1 sensibles. Referencias: ESC-M03-P4; ESC-S06,ESC-E30 · Ampliación D
ESC-E31,ejercicio,Explicar · Explique por qué 3.d4 es coherente aunque el peón vaya a ser capturado.,Ampliación D,e2e4 e7e5 g1f3 b8c6 d2d4 e5d4,r1bqkbnr/pppp1ppp/2n5/8/3pP3/5N2/PPP2PPP/RNBQKB1R w KQkq - 0 4,blancas,Explique por qué 3.d4 es coherente aunque el peón vaya a ser capturado.,Explicar,Candidata o respuesta esperada: Obliga a definir el centro,"Mejor recurso rival incluido en la solución: d4 ataca e5 y abre la columna d. Tras ...exd4 Cxd4, las blancas recuperan el material con una pieza activa y obtienen líneas para los alfiles.",Pista: Genera dos candidatas concretas y calcula la mejor respuesta rival. Error típico: Decir solo «controla el centro» sin mencionar la secuencia de capturas. Referencias: ESC-P03,ESC-E31 · Ampliación D
ESC-E32,ejercicio,Explicar · Explique la finalidad de 5.Cxc6 contra ...Cf6.,Ampliación D,e2e4 e7e5 g1f3 b8c6 d2d4 e5d4 f3d4 g8f6,r1bqkb1r/pppp1ppp/2n2n2/8/3NP3/8/PPP2PPP/RNBQKB1R w KQkq - 1 5,blancas,Explique la finalidad de 5.Cxc6 contra ...Cf6.,Explicar,Candidata o respuesta esperada: Cambiar estructura y eliminar defensor,"Mejor recurso rival incluido en la solución: Cxc6 elimina el caballo que sostiene e5 y obliga ...bxc6. El objetivo no es ganar un peón de inmediato, sino crear c6/d5 como blancos y reducir el control negro de d4.",Pista: Genera dos candidatas concretas y calcula la mejor respuesta rival. Error típico: Afirmar que los peones doblados son siempre débiles. Referencias: ESC-P05; ESC-S02,ESC-E32 · Ampliación D
ESC-E33,ejercicio,Explicar · ¿Por qué ...d5 es la liberación negra más importante?,Ampliación D,e2e4 e7e5 g1f3 b8c6 d2d4 e5d4 f3d4 g8f6 d4c6 b7c6 f1d3 d7d5,r1bqkb1r/p1p2ppp/2p2n2/3p4/4P3/3B4/PPP2PPP/RNBQK2R w KQkq d6 0 7,blancas,¿Por qué ...d5 es la liberación negra más importante?,Explicar,Candidata o respuesta esperada: Abre el alfil c8 y disputa e4,"Mejor recurso rival incluido en la solución: ...d5 ataca el centro blanco, libera el alfil de c8 y puede transformar c6 en un peón activo en d5. Si negras no logra esa ruptura, c6 queda más fácil de fijar.",Pista: Genera dos candidatas concretas y calcula la mejor respuesta rival. Error típico: Describir ...d5 como simple avance de espacio. Referencias: ESC-P06; ESC-S03,ESC-E33 · Ampliación D
ESC-E34,ejercicio,Explicar · ¿Qué tres funciones cumple 5.c3 ante ...Ab4+?,Ampliación D,e2e4 e7e5 g1f3 b8c6 d2d4 e5d4 f3d4 f8b4,r1bqk1nr/pppp1ppp/2n5/8/1b1NP3/8/PPP2PPP/RNBQKB1R w KQkq - 1 5,blancas,¿Qué tres funciones cumple 5.c3 ante ...Ab4+?,Explicar,"Candidata o respuesta esperada: Bloquea, sostiene d4 y gana espacio","Mejor recurso rival incluido en la solución: c3 corta la diagonal b4-e1, protege el caballo d4 frente a cambios y obliga al alfil a gastar otro tiempo. Además reserva c2 para el alfil si la estructura lo permite.",Pista: Genera dos candidatas concretas y calcula la mejor respuesta rival. Error típico: Jugar c3 sin notar que limita Cb1-c3. Referencias: ESC-M03-P1,ESC-E34 · Ampliación D
ESC-E35,ejercicio,Explicar · ¿Por qué ...f6 solo es correcta después del enroque?,Ampliación D,e2e4 e7e5 g1f3 b8c6 d2d4 e5d4 f3d4 f8b4 c2c3 b4e7 d4c6 b7c6 f1d3 d7d5 e1g1 g8f6 e4e5 f6d7 f1e1 d7c5 d3c2 e8g8 b1d2 f7f6,r1bq1rk1/p1p1b1pp/2p2p2/2npP3/8/2P5/PPBN1PPP/R1BQR1K1 w - - 0 13,blancas,¿Por qué ...f6 solo es correcta después del enroque?,Explicar,Candidata o respuesta esperada: Abre la columna f con la torre preparada,"Mejor recurso rival incluido en la solución: La captura exf6 permite ...Txf6, activando una torre. Con el rey en e8, abrir f-file podría dejar diagonales y jaques; tras O-O, la torre recaptura y el rey queda detrás de peones.",Pista: Genera dos candidatas concretas y calcula la mejor respuesta rival. Error típico: Jugar ...f6 como reflejo sin comprobar e6/g6. Referencias: ESC-S06; ESC-M03,ESC-E35 · Ampliación D
ESC-E36,ejercicio,"Tablero virtual · Desde esta FEN, reproduce el plan estructural de cuatro medias jugadas.",Ampliación D,e2e4 e7e5 g1f3 b8c6 d2d4 e5d4 f3d4 g8f6 d4c6 b7c6,r1bqkb1r/p1pp1ppp/2p2n2/8/4P3/8/PPP2PPP/RNBQKB1R w KQkq - 0 6,blancas,"Desde esta FEN, reproduce el plan estructural de cuatro medias jugadas.",Tablero virtual,Candidata o respuesta esperada: 6.Ad3 d5 7.exd5 cxd5,"Mejor recurso rival incluido en la solución: La secuencia desarrolla, fuerza la ruptura y crea el peón d5. Después detén el tablero y verbaliza: objetivo blanco d5; contrajuego negro ...c5.",Pista: Genera dos candidatas concretas y calcula la mejor respuesta rival. Error típico: Mover 6.e5 sin estudiar la respuesta ...De7. Referencias: ESC-P05; ESC-P07,ESC-E36 · Ampliación D
ESC-E37,ejercicio,Tablero virtual · Reproduce una continuación segura de la Clásica.,Ampliación D,e2e4 e7e5 g1f3 b8c6 d2d4 e5d4 f3d4 f8c5 c1e3 d8f6 c2c3 g8e7,r1b1k2r/ppppnppp/2n2q2/2b5/3NP3/2P1B3/PP3PPP/RN1QKB1R w KQkq - 1 7,blancas,Reproduce una continuación segura de la Clásica.,Tablero virtual,Candidata o respuesta esperada: 7.Ac4 O-O 8.O-O,Mejor recurso rival incluido en la solución: Ac4 completa el flanco de rey; ...O-O asegura al negro; O-O pone a salvo al blanco. La prioridad común es terminar desarrollo antes de ...d5.,Pista: Genera dos candidatas concretas y calcula la mejor respuesta rival. Error típico: 7.f4?! d5 abre el centro con el rey blanco en e1. Referencias: ESC-S04,ESC-E37 · Ampliación D
ESC-E38,ejercicio,Tablero virtual · La dama negra acaba de capturar e4 con jaque. Reproduce la defensa activa.,Ampliación D,e2e4 e7e5 g1f3 b8c6 d2d4 e5d4 f3d4 d8h4 d4b5 h4e4 f1e2,r1b1kbnr/pppp1ppp/2n5/1N6/4q3/8/PPP1BPPP/RNBQK2R b KQkq - 1 6,negras,La dama negra acaba de capturar e4 con jaque. Reproduce la defensa activa.,Tablero virtual,Analizar la respuesta blanca antes de decidir.,"Mejor recurso rival incluido en la solución: Ae2 bloquea desarrollando, el rey negro pierde el enroque y O-O activa la torre. La secuencia muestra por qué el peón e4 no era gratis.",Pista: Genera dos candidatas concretas y calcula la mejor respuesta rival. Error típico: 6.Rd2? bloquea la dama y mantiene el rey expuesto. Referencias: ESC-M02,ESC-E38 · Ampliación D
ESC-E39,ejercicio,"Tablero virtual · Desde la cadena e5, reproduce el plan de coordinación blanco.",Ampliación D,e2e4 e7e5 g1f3 b8c6 d2d4 e5d4 f3d4 f8b4 c2c3 b4e7 d4c6 b7c6 f1d3 d7d5 e1g1 g8f6 e4e5 f6d7,r1bqk2r/p1pnbppp/2p5/3pP3/8/2PB4/PP3PPP/RNBQ1RK1 w kq - 1 10,blancas,"Desde la cadena e5, reproduce el plan de coordinación blanco.",Tablero virtual,Candidata o respuesta esperada: 10.Te1 Cc5 11.Ac2,Mejor recurso rival incluido en la solución: Te1 sostiene e5; ...Cc5 busca d3/e4; Ac2 conserva el alfil y mantiene la diagonal h7. Después el caballo b1 irá a d2-f3.,Pista: Genera dos candidatas concretas y calcula la mejor respuesta rival. Error típico: 10.f4?! permite ...d6 y ...f6 con el rey aún vulnerable. Referencias: ESC-M03; ESC-S06,ESC-E39 · Ampliación D
ESC-E40,ejercicio,Revisión global · Construya el repertorio mínimo contra las tres respuestas principales del negro.,Ampliación D,e2e4 e7e5 g1f3 b8c6 d2d4 e5d4 f3d4 g8f6,r1bqkb1r/pppp1ppp/2n2n2/8/3NP3/8/PPP2PPP/RNBQKB1R w KQkq - 1 5,blancas,Construya el repertorio mínimo contra las tres respuestas principales del negro.,Revisión global,Candidata o respuesta esperada: ...Cf6: Cxc6; ...Ac5: Ae3; ...Ab4+: c3,"Mejor recurso rival incluido en la solución: Las tres respuestas comparten una lógica: crear una estructura contra ...Cf6, proteger el caballo desarrollando contra ...Ac5 y bloquear con utilidad contra el jaque. Después, enrocar y reconocer ...d5.",Pista: Genera dos candidatas concretas y calcula la mejor respuesta rival. Error típico: Memorizar variantes sin asociarlas a una estructura. Referencias: Repertorio práctico; ESC-S01 a S06,ESC-E40 · Ampliación D
